"","name","parsed","class","type","group"
"RIDAGEYR","RIDAGEYR","age","age","numeric","demo"
"sex","sex","sex",NA,NA,"demo"
"SDDSRVYR","SDDSRVYR","survey","numeric",NA,"demo"
"partner","partner","partner",NA,NA,"demo"
"INDFMPIR","INDFMPIR","income","income","numeric","demo"
"years_remaining","years_remaining","years_remaining","death","numeric","demo"
"stop","stop","death_age","death","numeric","demo"
"status","status","death_status","death","binary","demo"
"die_within_5year","die_within_5year","die_within_5year",NA,NA,"demo"
"die_within_10year","die_within_10year","die_within_10year",NA,NA,"demo"
"die_within_20year","die_within_20year","die_within_20year",NA,NA,"demo"
"hispanic","hispanic","hispanic","race","binary","demo"
"white","white","white","race","binary","demo"
"black","black","black","race","binary","demo"
"pulse","pulse","pulse","heart","binary","exam"
"BPXDI","BPXDI","dibp","heart","numeric","exam"
"BPXSY","BPXSY","sybp","heart","numeric","exam"
"MSXW20TM","MSXW20TM","gait","physical","numeric","exam"
"MGDCGSZ","MGDCGSZ","grip","physical","numeric","exam"
"BMXBMI","BMXBMI","bmi","weight","numeric","exam"
"underweight","underweight","underweight","weight","binary","exam"
"obese","obese","obese","weight","binary","exam"
"obese2","obese2","v_obese","weight","binary","exam"
"BAXPFC1","BAXPFC1","balance1","physical","binary","exam"
"BAXPFC2","BAXPFC2","balance2","physical","binary","exam"
"BAXPFC3","BAXPFC3","balance3","physical","binary","exam"
"BAXPFC4","BAXPFC4","balance4","physical","binary","exam"
"AUQ060","AUQ060","Hear a whisper from across a quiet room?","Audiometry","binary","clinic"
"AUQ150","AUQ150","Ever worn a hearing aid","Audiometry","binary","clinic"
"AUQ185","AUQ185","Ever used assistive listening devices?","Audiometry","binary","clinic"
"AUQ190","AUQ190","Ears ringing, roaring, buzzing past year","Audiometry","binary","clinic"
"BAQ010","BAQ010","Dizzy/balance/falling problems/past yr","Balance","binary","clinic"
"BAQ100","BAQ100","Blood relative dizziness/balance problem","Balance","binary","clinic"
"BPQ020","BPQ020","high blood pressure","Blood Pressure & Cholesterol","binary","clinic"
"BPQ052","BPQ052","prehypertension","Blood Pressure & Cholesterol","binary","clinic"
"BPQ057","BPQ057","Borderline Hypertension","Blood Pressure & Cholesterol","binary","clinic"
"BPQ080","BPQ080","high cholesterol","Blood Pressure & Cholesterol","binary","clinic"
"CDQ008","CDQ008","Severe pain in chest more than half hour","Cardiovascular Health","binary","clinic"
"CDQ010","CDQ010","Shortness of breath on stairs/inclines","Cardiovascular Health","binary","clinic"
"CDQ050","CDQ050","Awakened by trouble breathing","Cardiovascular Health","binary","clinic"
"DEQ060","DEQ060","Dermatitis, eczema, rash in past year","Dermatology","binary","clinic"
"DIQ050","DIQ050","Taking insulin now","Diabetes","binary","clinic"
"DLQ010","DLQ010","Have serious difficulty hearing?","Disability","binary","clinic"
"DLQ020","DLQ020","Have serious difficulty seeing?","Disability","binary","clinic"
"DLQ040","DLQ040","Have serious difficulty concentrating?","Disability","binary","clinic"
"DLQ050","DLQ050","Have serious difficulty walking?","Disability","binary","clinic"
"DLQ060","DLQ060","Have difficulty dressing or bathing?","Disability","binary","clinic"
"DLQ080","DLQ080","Have difficulty doing errands alone?","Disability","binary","clinic"
"DLQ110","DLQ110","Take medication for these feelings?","Disability","binary","clinic"
"DLQ150","DLQ150","Take medication for depression?","Disability","binary","clinic"
"HUD070","HUD070","Overnight hospital patient in last year","Hospital Utilization & Access to Care","binary","clinic"
"HUQ071","HUQ071","Overnite hospital patient in last year","Hospital Utilization & Access to Care","binary","clinic"
"KIQ020","KIQ020","weak/failing kidneys","Kidney Conditions","binary","clinic"
"KIQ026","KIQ026","kidney stones","Kidney Conditions - Urology","binary","clinic"
"KIQ042","KIQ042","Leak urine during physical activities","Kidney Conditions - Urology","binary","clinic"
"KIQ106","KIQ106","Diagnosed with prostate disease","Prostate Conditions","binary","clinic"
"MCQ010","MCQ010","asthma","Medical Conditions","binary","clinic"
"MCQ053","MCQ053","Taking treatment for anemia/past 3 mos","Medical Conditions","binary","clinic"
"MCQ080","MCQ080","overweight","Medical Conditions","binary","clinic"
"MCQ140","MCQ140","Trouble seeing even with glass/contacts","Medical Conditions","binary","clinic"
"MCQ160A","MCQ160A","arthritis","Medical Conditions","binary","clinic"
"MCQ160B","MCQ160B","congestive heart failure","Medical Conditions","binary","clinic"
"MCQ160C","MCQ160C","coronary heart disease","Medical Conditions","binary","clinic"
"MCQ160D","MCQ160D","angina/angina pectoris","Medical Conditions","binary","clinic"
"MCQ160E","MCQ160E","heart attack","Medical Conditions","binary","clinic"
"MCQ160F","MCQ160F","stroke","Medical Conditions","binary","clinic"
"MCQ160G","MCQ160G","emphysema","Medical Conditions","binary","clinic"
"MCQ160K","MCQ160K","chronic bronchitis","Medical Conditions","binary","clinic"
"MCQ160L","MCQ160L","any liver condition","Medical Conditions","binary","clinic"
"MCQ160M","MCQ160M","thyroid problem","Medical Conditions","binary","clinic"
"MCQ160N","MCQ160N","gout","Medical Conditions","binary","clinic"
"MCQ160O","MCQ160O","copd","Medical Conditions","binary","clinic"
"MCQ220","MCQ220","cancer or malignancy","Medical Conditions","binary","clinic"
"MCQ550","MCQ550","gallstones","Medical Conditions","binary","clinic"
"MPQ010","MPQ010","Joint pain/aching/stiffness in past year","Miscellaneous Pain","binary","clinic"
"MPQ090","MPQ090","Severe headaches or migraines","Miscellaneous Pain","binary","clinic"
"OHQ850","OHQ850","treatment for gum disease","Oral Health","binary","clinic"
"OHQ860","OHQ860","Ever been told of bone loss around teeth","Oral Health","binary","clinic"
"OSQ010A","OSQ010A","Broken or fractured a hip","Osteoporosis","binary","clinic"
"OSQ060","OSQ060","osteoporosis/brittle bones","Osteoporosis","binary","clinic"
"OSQ130","OSQ130","Ever taken prednisone or cortisone daily","Osteoporosis","binary","clinic"
"PAQ605","PAQ605","Vigorous work activity","Physical Activity","binary","clinic"
"PAQ620","PAQ620","Moderate work activity","Physical Activity","binary","clinic"
"PAQ635","PAQ635","Walk or bicycle","Physical Activity","binary","clinic"
"PAQ650","PAQ650","Vigorous recreational activities","Physical Activity","binary","clinic"
"PAQ665","PAQ665","Moderate recreational activities","Physical Activity","binary","clinic"
"PFQ056","PFQ056","Experience confusion/memory problems","Physical Functioning","binary","clinic"
"RDD030","RDD030","Coughing most days ","Respiratory Health","binary","clinic"
"RDQ050","RDQ050","Bring up phlegm most days ","Respiratory Health","binary","clinic"
"RDQ070","RDQ070","Wheezing or whistling in chest ","Respiratory Health","binary","clinic"
"RDQ140","RDQ140","dry cough at night in past year","Respiratory Health","binary","clinic"
"RHQ030","RHQ030","regular periods in past 12 months","Reproductive Health","binary","clinic"
"RHQ300","RHQ300","at least one ovary removed","Reproductive Health","binary","clinic"
"RHQ305","RHQ305","both ovaries removed","Disability","binary","clinic"
"RXD030","RXD030","Taken prescription medicine/past month","Prescription Medications","binary","clinic"
"RXD300","RXD300","Drugs/over counter taken regularly","Analgesic Pain Relievers","binary","clinic"
"RXDUSE","RXDUSE","Taken prescription medicine, past month","Prescription Medications","binary","clinic"
"RXQ300","RXQ300","Drugs/over counter taken regularly","Analgesic Pain Relievers","binary","clinic"
"RXQ510","RXQ510","Dr told to take daily low","Preventive Aspirin Use","binary","clinic"
"SLQ050","SLQ050","doctor had trouble sleeping","Sleep Disorders","binary","clinic"
"SLQ060","SLQ060","by doctor have sleep disorder","Sleep Disorders","binary","clinic"
"VIQ070","VIQ070","a cataract operation","Vision","binary","clinic"
"VIQ090","VIQ090","glaucoma","Vision","binary","clinic"
"VIQ310","VIQ310","macular degeneration","Vision","binary","clinic"
"GAIT_GRADE01","GAIT_GRADE01","slow gait (<0.75 m/s)","Physical Functioning","binary","clinic"
"GAIT_GRADE02","GAIT_GRADE02","very slow gait (<0.60 m/s)","Physical Functioning","binary","clinic"
"GRIP","GRIP","weak grip","Physical Functioning","binary","clinic"
"CERAD","CERAD","Verbal memory (CERAD)","Cognitive Functioning","binary","clinic"
"CERADDR","CERADDR","Delayed recall (CERAD)","Cognitive Functioning","binary","clinic"
"AFT","AFT","Semantic fluency (AFT)","Cognitive Functioning","binary","clinic"
"DSST","DSST","Processing speed (DSST)","Cognitive Functioning","binary","clinic"
"PFQ061A_GRADE01","PFQ061A_GRADE01","some diff managing money difficulty","Physical Functioning","binary","clinic"
"PFQ061A_GRADE02","PFQ061A_GRADE02","much diff managing money difficulty","Physical Functioning","binary","clinic"
"PFQ061A_GRADE03","PFQ061A_GRADE03","unable to managing money difficulty","Physical Functioning","binary","clinic"
"PFQ061B_GRADE01","PFQ061B_GRADE01","some diff walking for a quarter mile difficulty","Physical Functioning","binary","clinic"
"PFQ061B_GRADE02","PFQ061B_GRADE02","much diff walking for a quarter mile difficulty","Physical Functioning","binary","clinic"
"PFQ061B_GRADE03","PFQ061B_GRADE03","unable to walking for a quarter mile difficulty","Physical Functioning","binary","clinic"
"PFQ061C_GRADE01","PFQ061C_GRADE01","some diff walking up ten steps difficulty","Physical Functioning","binary","clinic"
"PFQ061C_GRADE02","PFQ061C_GRADE02","much diff walking up ten steps difficulty","Physical Functioning","binary","clinic"
"PFQ061C_GRADE03","PFQ061C_GRADE03","unable to walking up ten steps difficulty","Physical Functioning","binary","clinic"
"PFQ061D_GRADE01","PFQ061D_GRADE01","some diff stooping, crouching, kneeling difficulty","Physical Functioning","binary","clinic"
"PFQ061D_GRADE02","PFQ061D_GRADE02","much diff stooping, crouching, kneeling difficulty","Physical Functioning","binary","clinic"
"PFQ061D_GRADE03","PFQ061D_GRADE03","unable to stooping, crouching, kneeling difficulty","Physical Functioning","binary","clinic"
"PFQ061E_GRADE01","PFQ061E_GRADE01","some diff lifting or carrying difficulty","Physical Functioning","binary","clinic"
"PFQ061E_GRADE02","PFQ061E_GRADE02","much diff lifting or carrying difficulty","Physical Functioning","binary","clinic"
"PFQ061E_GRADE03","PFQ061E_GRADE03","unable to lifting or carrying difficulty","Physical Functioning","binary","clinic"
"PFQ061F_GRADE01","PFQ061F_GRADE01","some diff house chore difficulty","Physical Functioning","binary","clinic"
"PFQ061F_GRADE02","PFQ061F_GRADE02","much diff house chore difficulty","Physical Functioning","binary","clinic"
"PFQ061F_GRADE03","PFQ061F_GRADE03","unable to house chore difficulty","Physical Functioning","binary","clinic"
"PFQ061G_GRADE01","PFQ061G_GRADE01","some diff preparing meals difficulty","Physical Functioning","binary","clinic"
"PFQ061G_GRADE02","PFQ061G_GRADE02","much diff preparing meals difficulty","Physical Functioning","binary","clinic"
"PFQ061G_GRADE03","PFQ061G_GRADE03","unable to preparing meals difficulty","Physical Functioning","binary","clinic"
"PFQ061H_GRADE01","PFQ061H_GRADE01","some diff walking between rooms on same floor","Physical Functioning","binary","clinic"
"PFQ061H_GRADE02","PFQ061H_GRADE02","much diff walking between rooms on same floor","Physical Functioning","binary","clinic"
"PFQ061H_GRADE03","PFQ061H_GRADE03","unable to walking between rooms on same floor","Physical Functioning","binary","clinic"
"PFQ061I_GRADE01","PFQ061I_GRADE01","some diff standingup from armless chair difficulty","Physical Functioning","binary","clinic"
"PFQ061I_GRADE02","PFQ061I_GRADE02","much diff standingup from armless chair difficulty","Physical Functioning","binary","clinic"
"PFQ061I_GRADE03","PFQ061I_GRADE03","unable to standingup from armless chair difficulty","Physical Functioning","binary","clinic"
"PFQ061J_GRADE01","PFQ061J_GRADE01","some diff getting in and out of bed difficulty","Physical Functioning","binary","clinic"
"PFQ061J_GRADE02","PFQ061J_GRADE02","much diff getting in and out of bed difficulty","Physical Functioning","binary","clinic"
"PFQ061J_GRADE03","PFQ061J_GRADE03","unable to getting in and out of bed difficulty","Physical Functioning","binary","clinic"
"PFQ061K_GRADE01","PFQ061K_GRADE01","some diff using fork, knife, drinking from cup","Physical Functioning","binary","clinic"
"PFQ061K_GRADE02","PFQ061K_GRADE02","much diff using fork, knife, drinking from cup","Physical Functioning","binary","clinic"
"PFQ061K_GRADE03","PFQ061K_GRADE03","unable to using fork, knife, drinking from cup","Physical Functioning","binary","clinic"
"PFQ061L_GRADE01","PFQ061L_GRADE01","some diff dressing yourself difficulty","Physical Functioning","binary","clinic"
"PFQ061L_GRADE02","PFQ061L_GRADE02","much diff dressing yourself difficulty","Physical Functioning","binary","clinic"
"PFQ061L_GRADE03","PFQ061L_GRADE03","unable to dressing yourself difficulty","Physical Functioning","binary","clinic"
"PFQ061M_GRADE01","PFQ061M_GRADE01","some diff standing for long periods difficulty","Physical Functioning","binary","clinic"
"PFQ061M_GRADE02","PFQ061M_GRADE02","much diff standing for long periods difficulty","Physical Functioning","binary","clinic"
"PFQ061M_GRADE03","PFQ061M_GRADE03","unable to standing for long periods difficulty","Physical Functioning","binary","clinic"
"PFQ061N_GRADE01","PFQ061N_GRADE01","some diff sitting for long periods difficulty","Physical Functioning","binary","clinic"
"PFQ061N_GRADE02","PFQ061N_GRADE02","much diff sitting for long periods difficulty","Physical Functioning","binary","clinic"
"PFQ061N_GRADE03","PFQ061N_GRADE03","unable to sitting for long periods difficulty","Physical Functioning","binary","clinic"
"PFQ061O_GRADE01","PFQ061O_GRADE01","some diff reaching up over head difficulty","Physical Functioning","binary","clinic"
"PFQ061O_GRADE02","PFQ061O_GRADE02","much diff reaching up over head difficulty","Physical Functioning","binary","clinic"
"PFQ061O_GRADE03","PFQ061O_GRADE03","unable to reaching up over head difficulty","Physical Functioning","binary","clinic"
"PFQ061P_GRADE01","PFQ061P_GRADE01","some diff grasp/holding small objects difficulty","Physical Functioning","binary","clinic"
"PFQ061P_GRADE02","PFQ061P_GRADE02","much diff grasp/holding small objects difficulty","Physical Functioning","binary","clinic"
"PFQ061P_GRADE03","PFQ061P_GRADE03","unable to grasp/holding small objects difficulty","Physical Functioning","binary","clinic"
"PFQ061Q_GRADE01","PFQ061Q_GRADE01","some diff going out to movies, events difficulty","Physical Functioning","binary","clinic"
"PFQ061Q_GRADE02","PFQ061Q_GRADE02","much diff going out to movies, events difficulty","Physical Functioning","binary","clinic"
"PFQ061Q_GRADE03","PFQ061Q_GRADE03","unable to going out to movies, events difficulty","Physical Functioning","binary","clinic"
"PFQ061R_GRADE01","PFQ061R_GRADE01","some diff attending social event difficulty","Physical Functioning","binary","clinic"
"PFQ061R_GRADE02","PFQ061R_GRADE02","much diff attending social event difficulty","Physical Functioning","binary","clinic"
"PFQ061R_GRADE03","PFQ061R_GRADE03","unable to attending social event difficulty","Physical Functioning","binary","clinic"
"PFQ061S_GRADE01","PFQ061S_GRADE01","some diff leisure activity at home difficulty","Physical Functioning","binary","clinic"
"PFQ061S_GRADE02","PFQ061S_GRADE02","much diff leisure activity at home difficulty","Physical Functioning","binary","clinic"
"PFQ061S_GRADE03","PFQ061S_GRADE03","unable to leisure activity at home difficulty","Physical Functioning","binary","clinic"
"PFQ061T_GRADE01","PFQ061T_GRADE01","some diff push or pull large objects difficulty","Physical Functioning","binary","clinic"
"PFQ061T_GRADE02","PFQ061T_GRADE02","much diff push or pull large objects difficulty","Physical Functioning","binary","clinic"
"PFQ061T_GRADE03","PFQ061T_GRADE03","unable to push or pull large objects difficulty","Physical Functioning","binary","clinic"
"1","menopause","menopause","female reproduction","aux","aux"
"2","everPreg","ever pregnant","female reproduction","aux","aux"
"3","pregNow","pregnant","female reproduction","aux","aux"
"4","regularPeriods","regular periods","female reproduction","aux","aux"
"5","ageLastPeriod","age at last period","female reproduction","aux","aux"
"6","pregMonth","month of pregnancy","female reproduction","aux","aux"
"GTDBL2MN","GTDBL2MN","time from fasting glucose & ogtt","Oral Glucose Tolerance Test","numeric","lab"
"GTDDR1MN","GTDDR1MN","time from fast glucose & challenge","Oral Glucose Tolerance Test","numeric","lab"
"GTDDR2MN","GTDDR2MN","time from glucose challenge & ogtt","Oral Glucose Tolerance Test","numeric","lab"
"GTDSCMMN","GTDSCMMN","glucose challenge administer time in minutes","Oral Glucose Tolerance Test","numeric","lab"
"HRXHG","HRXHG","total hair mercury as ug mercury/gram hair: mql is detection limit","Mercury - Hair","numeric","lab"
"IMMUNEINF","IMMUNEINF","imm. c. inflammation","Chronic inflammation","numeric","lab"
"LB2ALC","LB2ALC","alpha-carotene","Vitamin A, Vitamin E, & Carotenoids, Second Exam","numeric","lab"
"LB2BAP","LB2BAP","bone alkaline phosphotase","C-Reactive Protein & Others, Second Exam","numeric","lab"
"LB2BAPCT","LB2BAPCT","basophils percent","Complete Blood Count with 5-part Differential - Whole Blood, Second Exam","numeric","lab"
"LB2BEC","LB2BEC","trans-beta-carotene","Vitamin A, Vitamin E, & Carotenoids, Second Exam","numeric","lab"
"LB2CBC","LB2CBC","cis-beta-carotene","Vitamin A, Vitamin E, & Carotenoids, Second Exam","numeric","lab"
"LB2CP","LB2CP","c-peptide: pmol/ml","Glycohemoglobin, Plasma Glucose, Serum C-peptide, & Insulin, Second Exam","numeric","lab"
"LB2CPSI","LB2CPSI","c-peptide si","Glycohemoglobin, Plasma Glucose, Serum C-peptide, & Insulin, Second Exam","numeric","lab"
"LB2CRP","LB2CRP","c-reactive protein","C-Reactive Protein & Others, Second Exam","numeric","lab"
"LB2FSH","LB2FSH","follicle stimulating hormone","Standard Biochemistry Profile & Hormones, Second Exam","numeric","lab"
"LB2FSHSI","LB2FSHSI","follicle stimulating hormone","Standard Biochemistry Profile & Hormones, Second Exam","numeric","lab"
"LB2LDL","LB2LDL","ldl-cholesterol","Cholesterol - Total, HDL, LDL  & Triglycerides, Second Exam","numeric","lab"
"LB2LH","LB2LH","luteinizing hormone","Standard Biochemistry Profile & Hormones, Second Exam","numeric","lab"
"LB2LHSI","LB2LHSI","luteinizing hormone","Standard Biochemistry Profile & Hormones, Second Exam","numeric","lab"
"LB2LUZ","LB2LUZ","combined lutein/zeaxanthin","Vitamin A, Vitamin E, & Carotenoids, Second Exam","numeric","lab"
"LB2LYC","LB2LYC","trans-lycopene","Vitamin A, Vitamin E, & Carotenoids, Second Exam","numeric","lab"
"LB2ME","LB2ME","measles","Measles, Rubella, & Varicella, Second Exam","numeric","lab"
"LB2MOPCT","LB2MOPCT","monocyte percent","Complete Blood Count with 5-part Differential - Whole Blood, Second Exam","numeric","lab"
"LB2MPSI","LB2MPSI","mean platelet volume","Complete Blood Count with 5-part Differential - Whole Blood, Second Exam","numeric","lab"
"LB2RBCSI","LB2RBCSI","red blood cell count","Complete Blood Count with 5-part Differential - Whole Blood, Second Exam","numeric","lab"
"LB2RDW","LB2RDW","red cell distribution width","Complete Blood Count with 5-part Differential - Whole Blood, Second Exam","numeric","lab"
"LB2RU","LB2RU","rubella","Measles, Rubella, & Varicella, Second Exam","numeric","lab"
"LB2SAL","LB2SAL","albumin","Standard Biochemistry Profile & Hormones, Second Exam","numeric","lab"
"LB2SAPSI","LB2SAPSI","alkaline phosphotase","Standard Biochemistry Profile & Hormones, Second Exam","numeric","lab"
"LB2SASSI","LB2SASSI","aspartate aminotransferase","Standard Biochemistry Profile & Hormones, Second Exam","numeric","lab"
"LB2SATSI","LB2SATSI","alanine aminotransferase","Standard Biochemistry Profile & Hormones, Second Exam","numeric","lab"
"LB2SBU","LB2SBU","blood urea nitrogen","Standard Biochemistry Profile & Hormones, Second Exam","numeric","lab"
"LB2SCA","LB2SCA","total calcium","Standard Biochemistry Profile & Hormones, Second Exam","numeric","lab"
"LB2SCH","LB2SCH","cholesterol","Standard Biochemistry Profile & Hormones, Second Exam","numeric","lab"
"LB2SCR","LB2SCR","creatinine","Standard Biochemistry Profile & Hormones, Second Exam","numeric","lab"
"LB2SGL","LB2SGL","glucose","Standard Biochemistry Profile & Hormones, Second Exam","numeric","lab"
"LB2SGTSI","LB2SGTSI","gamma glutamyltransferase","Standard Biochemistry Profile & Hormones, Second Exam","numeric","lab"
"LB2SLDSI","LB2SLDSI","lactate dehydrogenase","Standard Biochemistry Profile & Hormones, Second Exam","numeric","lab"
"LB2SPH","LB2SPH","phosphorus","Standard Biochemistry Profile & Hormones, Second Exam","numeric","lab"
"LB2STB","LB2STB","bilirubin, total","Standard Biochemistry Profile & Hormones, Second Exam","numeric","lab"
"LB2STR","LB2STR","triglycerides","Standard Biochemistry Profile & Hormones, Second Exam","numeric","lab"
"LB2SUA","LB2SUA","uric acid","Standard Biochemistry Profile & Hormones, Second Exam","numeric","lab"
"LBDB12","LBDB12","vitamin b12","Vitamin B12","numeric","lab"
"LBDBANO","LBDBANO","basophils number","Complete Blood Count with 5-part Differential - Whole Blood","numeric","lab"
"LBDBAP","LBDBAP","bone alkaline phosphotase","C-Reactive protein (CRP), Fibrinogen, Bone Alkaline Phosphatase & Urinary N-telopeptides","numeric","lab"
"LBDEONO","LBDEONO","eosinophils number","Complete Blood Count with 5-part Differential - Whole Blood","numeric","lab"
"LBDFERSI","LBDFERSI","ferritin","Ferritin","numeric","lab"
"LBDFOL","LBDFOL","serum folate","Folate - RBC & Serum","numeric","lab"
"LBDFOTSI","LBDFOTSI","serum total folate","Folate Forms - Total & Individual - Serum","numeric","lab"
"LBDHDDSI","LBDHDDSI","direct hdl-cholesterol","Cholesterol - HDL","numeric","lab"
"LBDHDL","LBDHDL","hdl-cholesterol","Cholesterol - Total & HDL","numeric","lab"
"LBDLDL","LBDLDL","ldl-cholesterol","Cholesterol - LDL & Triglycerides","numeric","lab"
"LBDLYMNO","LBDLYMNO","lymphocyte number","Complete Blood Count with 5-part Differential - Whole Blood","numeric","lab"
"LBDMONO","LBDMONO","monocyte number","Complete Blood Count with 5-part Differential - Whole Blood","numeric","lab"
"LBDNENO","LBDNENO","segmented neutrophils num","Complete Blood Count with 5-part Differential - Whole Blood","numeric","lab"
"LBDPCT","LBDPCT","transferrin saturation","Iron, Total Iron Binding Capacity (TIBC), & Transferrin Saturation","numeric","lab"
"LBDPFL","LBDPFL","fluoride, plasma average 2 values","Fluoride - Plasma","numeric","lab"
"LBDRBF","LBDRBF","rbc folate","Folate - RBC & Serum","numeric","lab"
"LBDRFO","LBDRFO","rbc folate","Folate - RBC","numeric","lab"
"LBDRUIU","LBDRUIU","rubella units","Measles, Rubella, & Varicella","numeric","lab"
"LBDSAPSI","LBDSAPSI","alkaline phosphatase","Standard Biochemistry Profile","numeric","lab"
"LBDSCRSI","LBDSCRSI","creatinine","Standard Biochemistry Profile","numeric","lab"
"LBDSLDSI","LBDSLDSI","ldh","Standard Biochemistry Profile","numeric","lab"
"LBDSPHSI","LBDSPHSI","phosphorus","Standard Biochemistry Profile","numeric","lab"
"LBDTIB","LBDTIB","total iron binding capacity","Iron, Total Iron Binding Capacity (TIBC), & Transferrin Saturation","numeric","lab"
"LBDTLY","LBDTLY","totallycopene","Vitamin A, Vitamin E & Carotenoids","numeric","lab"
"LBDTT3SI","LBDTT3SI","triiodothyronine, total","Thyroid Profile","numeric","lab"
"LBX17H","LBX17H","17α-hydroxyprogesterone","Sex Steroid Hormone Panel - Serum","numeric","lab"
"LBX3AL","LBX3AL","propanaldehyde","Aldehydes - Serum","numeric","lab"
"LBX4PA","LBX4PA","4-pyridoxic acid","Vitamin B6","numeric","lab"
"LBX7AL","LBX7AL","heptanaldehyde","Aldehydes - Serum","numeric","lab"
"LBX8AL","LBX8AL","octanaldehyde","Aldehydes - Serum","numeric","lab"
"LBX9AL","LBX9AL","","Aldehydes - Serum","numeric","lab"
"LBXACR","LBXACR","acrylamide","Acrylamide & Glycidamide","numeric","lab"
"LBXACY","LBXACY","a-cryptoxanthin","Vitamin A, Vitamin E & Carotenoids","numeric","lab"
"LBXAGP","LBXAGP","alpha-1-acid glycoprotein","alpha-1-Acid Glycoprotein","numeric","lab"
"LBXALC","LBXALC","alpha-carotene","Vitamin A, Vitamin E & Carotenoids","numeric","lab"
"LBXALN","LBXALN","alpha-linolenic acid","Fatty Acids - Serum","numeric","lab"
"LBXAMH","LBXAMH","anti-mullerian hormone","Sex Steroid Hormone Panel - Serum","numeric","lab"
"LBXAND","LBXAND","androstenedione","Sex Steroid Hormone Panel - Serum","numeric","lab"
"LBXAPB","LBXAPB","apolipoprotein","Apolipoprotein B","numeric","lab"
"LBXAR1","LBXAR1","arachidic acid","Fatty Acids - Serum","numeric","lab"
"LBXARA","LBXARA","arachidonic acid","Fatty Acids - Serum","numeric","lab"
"LBXARY","LBXARY","alpha-crypotoxanthin","Vitamin A, Vitamin E & Carotenoids","numeric","lab"
"LBXATC","LBXATC","a-tocopherol","Vitamin A, Vitamin E & Carotenoids","numeric","lab"
"LBXATG","LBXATG","thyroglobulin antibodies","Thyroid Profile","numeric","lab"
"LBXBAP","LBXBAP","bone alkaline phosphotase","C-Reactive Protein (CRP)","numeric","lab"
"LBXBAPCT","LBXBAPCT","basophils percent","Complete Blood Count with 5-part Differential - Whole Blood","numeric","lab"
"LBXBB1","LBXBB1","2,2',4,4',5,5'-hexabromobiphenyl","Brominated Flame Retardants (BFRs)","numeric","lab"
"LBXBB1LA","LBXBB1LA","2,2',4,4',5,5'-hexabromobiphenyl lipid adjusted","Brominated Flame Retardants (BFRs)","numeric","lab"
"LBXBCO","LBXBCO","cobalt","Chromium & Cobalt","numeric","lab"
"LBXBCR","LBXBCR","chromium","Chromium & Cobalt","numeric","lab"
"LBXBEC","LBXBEC","trans-beta carotene","Vitamin A, Vitamin E & Carotenoids","numeric","lab"
"LBXBGE","LBXBGE","mercury, ethyl","Mercury: Inorganic, Ethyl and Methyl - Blood","numeric","lab"
"LBXBGM","LBXBGM","mercury, methyl","Mercury: Inorganic, Ethyl and Methyl - Blood","numeric","lab"
"LBXBR1LA","LBXBR1LA","2,2',4-tribromodiphenyl ether lipid adjusted","Brominated Flame Retardants (BFRs)","numeric","lab"
"LBXBR2","LBXBR2","2,4,4'-tribromodiphenyl ether","Brominated Flame Retardants (BFRs)","numeric","lab"
"LBXBR3","LBXBR3","2,2',4,4'-tetrabromodiphenyl ether","Brominated Flame Retardants (BFRs)","numeric","lab"
"LBXBR3LA","LBXBR3LA","2,2',4,4'-tetrabromodiphenyl ether lipid adjusted","Brominated Flame Retardants (BFRs)","numeric","lab"
"LBXBR4LA","LBXBR4LA","2,2',3,4,4'-pentabromodiphenyl ether lipid adjusted","Brominated Flame Retardants (BFRs)","numeric","lab"
"LBXBR5","LBXBR5","2,2’,4,4’,5-pentabromodiphenyl ether","Brominated Flame Retardants (BFRs)","numeric","lab"
"LBXBR5LA","LBXBR5LA","2,2',4,4',5-pentabromodiphenyl ether lipid adjusted","Brominated Flame Retardants (BFRs)","numeric","lab"
"LBXBR6","LBXBR6","2,2',4,4',6-pentabromodiphenyl ether","Brominated Flame Retardants (BFRs)","numeric","lab"
"LBXBR66","LBXBR66","2,3',4,4'-tetrabromodiphenyl ether","Brominated Flame Retardants (BFRs)","numeric","lab"
"LBXBR66L","LBXBR66L","2,3',4,4'-tetrabromodiphenyl ether lipid adjusted","Brominated Flame Retardants (BFRs)","numeric","lab"
"LBXBR6LA","LBXBR6LA","2,2',4,4',6-pentabromodiphenyl ether lipid adjusted","Brominated Flame Retardants (BFRs)","numeric","lab"
"LBXBR7","LBXBR7","2,2',4,4',5,5'-hexabromodiphenyl ether","Brominated Flame Retardants (BFRs)","numeric","lab"
"LBXBR7LA","LBXBR7LA","2,2',4,4',5,5'-hexabromodiphenyl ether lipid adjusted","Brominated Flame Retardants (BFRs)","numeric","lab"
"LBXBR8LA","LBXBR8LA","2,2',4,4',5,6'-hexabromodiphenyl ether lipid adjusted","Brominated Flame Retardants (BFRs)","numeric","lab"
"LBXBR9","LBXBR9","2,2',3,4,4',5',6-heptabromodiphenyl ether","Brominated Flame Retardants (BFRs)","numeric","lab"
"LBXBR9LA","LBXBR9LA","2,2',3,4,4',5',6-heptabromodiphenyl lipid adjusted","Brominated Flame Retardants (BFRs)","numeric","lab"
"LBXBZAL","LBXBZAL","benzaldehyde","Aldehydes - Serum","numeric","lab"
"LBXCAP","LBXCAP","capric acid","Fatty Acids - Serum","numeric","lab"
"LBXCBC","LBXCBC","cis-beta carotene","Vitamin A, Vitamin E & Carotenoids","numeric","lab"
"LBXCLZ","LBXCLZ","cis- lutein/zeaxanthin","Vitamin A, Vitamin E & Carotenoids","numeric","lab"
"LBXCOT","LBXCOT","cotinine","Cotinine - Serum & Total NNAL - Urine","numeric","lab"
"LBXCRP","LBXCRP","c-reactive protein","C-Reactive Protein (CRP)","numeric","lab"
"LBXCRY","LBXCRY","b-cryptoxanthin","Vitamin A, Vitamin E & Carotenoids","numeric","lab"
"LBXDA1","LBXDA1","docosanoic acid","Fatty Acids - Serum","numeric","lab"
"LBXDHA","LBXDHA","docosahexaenoic acid","Fatty Acids - Serum","numeric","lab"
"LBXDHE","LBXDHE","dehydroepiandrosterone","Sex Steroid Hormone Panel - Serum","numeric","lab"
"LBXDP3","LBXDP3","docosapentaenoic acid","Fatty Acids - Serum","numeric","lab"
"LBXDP6","LBXDP6","docosapentaenoic acid","Fatty Acids - Serum","numeric","lab"
"LBXDTA","LBXDTA","docosatetraenoic acid","Fatty Acids - Serum","numeric","lab"
"LBXDTC","LBXDTC","d-tocopherol","Vitamin A, Vitamin E & Carotenoids","numeric","lab"
"LBXE72","LBXE72","serum ige antibody to mouse urine proteins, result","Allergen Specific IgE(s) & Total IgE - Serum","numeric","lab"
"LBXED1","LBXED1","eicosadienoic acid","Fatty Acids - Serum","numeric","lab"
"LBXEN1","LBXEN1","eicosenoic acid","Fatty Acids - Serum","numeric","lab"
"LBXEOA","LBXEOA","ethylene oxide","Ethylene Oxide","numeric","lab"
"LBXEOPCT","LBXEOPCT","eosinophils percent","Complete Blood Count with 5-part Differential - Whole Blood","numeric","lab"
"LBXEPA","LBXEPA","eicosapentaenoic acid","Fatty Acids - Serum","numeric","lab"
"LBXEPAH","LBXEPAH","2- acetic acid","Polyfluoroalkyl Chemicals","numeric","lab"
"LBXESO","LBXESO","estrone","Sex Steroid Hormone Panel - Serum","numeric","lab"
"LBXEST","LBXEST","estradiol","Sex Steroid Hormone - Serum","numeric","lab"
"LBXET1","LBXET1","eicosatrienoic acid","Fatty Acids - Serum","numeric","lab"
"LBXF13","LBXF13","serum ige antibody to peanut, result","Allergen Specific IgE(s) & Total IgE - Serum","numeric","lab"
"LBXF24","LBXF24","serum ige antibody to shrimp, result","Allergen Specific IgE(s) & Total IgE - Serum","numeric","lab"
"LBXFB","LBXFB","fibrinogen","C-Reactive Protein (CRP)","numeric","lab"
"LBXFSH","LBXFSH","follicle stimulating hormone","Standard Biochemistry Profile & Hormones","numeric","lab"
"LBXGH","LBXGH","glycohemoglobin","Glycohemoglobin","numeric","lab"
"LBXGLA","LBXGLA","gamma-linolenic acid","Fatty Acids - Serum","numeric","lab"
"LBXGLT","LBXGLT","two hour glucose","Oral Glucose Tolerance Test","numeric","lab"
"LBXGLU","LBXGLU","fasting glucose","Plasma Fasting Glucose & Insulin","numeric","lab"
"LBXGLY","LBXGLY","glycidamide","Acrylamide & Glycidamide","numeric","lab"
"LBXH2RL","LBXH2RL","hybrid capture high riskresult","Human Papillomavirus (HPV) DNA - Vaginal Swab: Digene Hybrid Capture & Prototype Line Blot Assay","numeric","lab"
"LBXH3RL","LBXH3RL","hybrid capture low riskresult","Human Papillomavirus (HPV) DNA - Vaginal Swab: Digene Hybrid Capture & Prototype Line Blot Assay","numeric","lab"
"LBXHCT","LBXHCT","hematocrit","Complete Blood Count with 5-part Differential - Whole Blood","numeric","lab"
"LBXHDT","LBXHDT","trans 9-hexadecenoic acid concentrt","Trans Fatty Acids","numeric","lab"
"LBXHGB","LBXHGB","hemoglobin","Complete Blood Count with 5-part Differential - Whole Blood","numeric","lab"
"LBXHGL","LBXHGL","homo-gamma-linolenic acid","Fatty Acids - Serum","numeric","lab"
"LBXHP1","LBXHP1","helicobacter pylori","C-Reactive Protein (CRP)","numeric","lab"
"LBXHSCRP","LBXHSCRP","high-sensitivity c-reactive protein","High-Sensitivity C-Reactive Protein (hs-CRP)","numeric","lab"
"LBXI5AL","LBXI5AL","isopentanaldehyde","Aldehydes - Serum","numeric","lab"
"LBXID1","LBXID1","serum ige antibody to dermatophagoides pteronyssinus, result","Allergen Specific IgE(s) & Total IgE - Serum","numeric","lab"
"LBXID2","LBXID2","serum ige antibody to dermatophagoides farinae, result","Allergen Specific IgE(s) & Total IgE - Serum","numeric","lab"
"LBXIE5","LBXIE5","serum ige antibody to dog dander, result","Allergen Specific IgE(s) & Total IgE - Serum","numeric","lab"
"LBXIF1","LBXIF1","serum ige antibody to egg , result","Allergen Specific IgE(s) & Total IgE - Serum","numeric","lab"
"LBXIF2","LBXIF2","serum ige antibody to milk , result","Allergen Specific IgE(s) & Total IgE - Serum","numeric","lab"
"LBXIG2","LBXIG2","serum ige antibody to bermuda grass, result","Allergen Specific IgE(s) & Total IgE - Serum","numeric","lab"
"LBXIG5","LBXIG5","serum ige antibody to rye grass, result","Allergen Specific IgE(s) & Total IgE - Serum","numeric","lab"
"LBXIM3","LBXIM3","serum ige antibody to aspergillus fumigatus, result","Allergen Specific IgE(s) & Total IgE - Serum","numeric","lab"
"LBXIM6","LBXIM6","serum ige antibody to alternaria alternata, result","Allergen Specific IgE(s) & Total IgE - Serum","numeric","lab"
"LBXIN","LBXIN","insulin","Plasma Fasting Glucose & Insulin","numeric","lab"
"LBXIT3","LBXIT3","serum ige antibody to birch tree, result","Allergen Specific IgE(s) & Total IgE - Serum","numeric","lab"
"LBXIT7","LBXIT7","serum ige antibody to white oak, result","Allergen Specific IgE(s) & Total IgE - Serum","numeric","lab"
"LBXIW1","LBXIW1","serum ige antibody to common ragweed, result","Allergen Specific IgE(s) & Total IgE - Serum","numeric","lab"
"LBXLAR","LBXLAR","lauric acid","Fatty Acids - Serum","numeric","lab"
"LBXLG1","LBXLG1","lignoceric acid","Fatty Acids - Serum","numeric","lab"
"LBXLH","LBXLH","luteinizing hormone","Standard Biochemistry Profile & Hormones","numeric","lab"
"LBXLNA","LBXLNA","linoleic acid","Fatty Acids - Serum","numeric","lab"
"LBXLUH","LBXLUH","luteinizing hormone","Sex Steroid Hormone Panel - Serum","numeric","lab"
"LBXLUZ","LBXLUZ","lutein and zeaxanthin","Vitamin A, Vitamin E & Carotenoids","numeric","lab"
"LBXLYC","LBXLYC","trans-lycopene","Vitamin A, Vitamin E & Carotenoids","numeric","lab"
"LBXLYPCT","LBXLYPCT","lymphocyte percent","Complete Blood Count with 5-part Differential - Whole Blood","numeric","lab"
"LBXMC","LBXMC","mean cell hemoglobin concentration","Complete Blood Count with 5-part Differential - Whole Blood","numeric","lab"
"LBXMCHSI","LBXMCHSI","mean cell hemoglobin","Complete Blood Count with 5-part Differential - Whole Blood","numeric","lab"
"LBXMCVSI","LBXMCVSI","mean cell volume","Complete Blood Count with 5-part Differential - Whole Blood","numeric","lab"
"LBXME","LBXME","measles","Measles, Rubella, & Varicella","numeric","lab"
"LBXMEA","LBXMEA","measles antibody","Measles, Mumps, Rubella & Varicella","numeric","lab"
"LBXML1","LBXML1","levofloxacin 1","Methicillin - Resistant Staphylococcus aureus (MRSA)","numeric","lab"
"LBXMMASI","LBXMMASI","methylmalonic acid","Methylmalonic Acid","numeric","lab"
"LBXMOPCT","LBXMOPCT","monocyte percent","Complete Blood Count with 5-part Differential - Whole Blood","numeric","lab"
"LBXMPAH","LBXMPAH","2- acetic acid","Polyfluoroalkyl Chemicals","numeric","lab"
"LBXMPSI","LBXMPSI","mean platelet volume","Complete Blood Count with 5-part Differential - Whole Blood","numeric","lab"
"LBXMR1","LBXMR1","rifampin 1","Methicillin - Resistant Staphylococcus aureus (MRSA)","numeric","lab"
"LBXMRG","LBXMRG","margaric acid","Fatty Acids - Serum","numeric","lab"
"LBXNEPCT","LBXNEPCT","segmented neutrophils percent","Complete Blood Count with 5-part Differential - Whole Blood","numeric","lab"
"LBXNR1","LBXNR1","nervonic acid","Fatty Acids - Serum","numeric","lab"
"LBXNRBC","LBXNRBC","nucleated red blood cells","Complete Blood Count with 5-Part Differential","numeric","lab"
"LBXOD1","LBXOD1","trans-11-octadecenoic acid","Trans Fatty Acids","numeric","lab"
"LBXOD9","LBXOD9","trans-9-octadecenoic acid","Trans Fatty Acids","numeric","lab"
"LBXOL1","LBXOL1","oleic acid","Fatty Acids - Serum","numeric","lab"
"LBXOTT","LBXOTT","trans,trans-9,12-octadecadienoic acid","Trans Fatty Acids","numeric","lab"
"LBXPEN","LBXPEN","pentadecanoic acid","Fatty Acids - Serum","numeric","lab"
"LBXPFBS","LBXPFBS","perfluorobutane sulfonic acid","Polyfluoroalkyl Chemicals","numeric","lab"
"LBXPFDE","LBXPFDE","pefluorodecanoic acid","Polyfluoroalkyl Chemicals","numeric","lab"
"LBXPFDO","LBXPFDO","perflurododecanoic acid","Polyfluoroalkyl Chemicals","numeric","lab"
"LBXPFHP","LBXPFHP","perfluoroheptanoic acid","Polyfluoroalkyl Chemicals","numeric","lab"
"LBXPFHS","LBXPFHS","perfluorohexane sulfonic acid","Polyfluoroalkyl Chemicals","numeric","lab"
"LBXPFNA","LBXPFNA","perfluorononanoic acid","Polyfluoroalkyl Chemicals","numeric","lab"
"LBXPFOA","LBXPFOA","perfluorooctanoic acid","Polyfluoroalkyl Chemicals","numeric","lab"
"LBXPFOS","LBXPFOS","perfluorooctane sulfonic acid","Polyfluoroalkyl Chemicals","numeric","lab"
"LBXPFUA","LBXPFUA","perfluoroundecanoic acid","Polyfluoroalkyl Chemicals","numeric","lab"
"LBXPG4","LBXPG4","progesterone","Sex Steroid Hormone Panel - Serum","numeric","lab"
"LBXPHE","LBXPHE","phytoene","Vitamin A, Vitamin E & Carotenoids","numeric","lab"
"LBXPHF","LBXPHF","phytofluene","Vitamin A, Vitamin E & Carotenoids","numeric","lab"
"LBXPL1","LBXPL1","palmitoleic acid","Fatty Acids - Serum","numeric","lab"
"LBXPLP","LBXPLP","pyridoxal 5'-phosphate","Vitamin B6","numeric","lab"
"LBXPLTSI","LBXPLTSI","platelet count si","Complete Blood Count with 5-part Differential - Whole Blood","numeric","lab"
"LBXPM1","LBXPM1","palmitic acid","Fatty Acids - Serum","numeric","lab"
"LBXPT21","LBXPT21","parathyroid hormone pg/ml","Parathyroid Hormone","numeric","lab"
"LBXRBCSI","LBXRBCSI","red cell count si","Complete Blood Count with 5-part Differential - Whole Blood","numeric","lab"
"LBXRDW","LBXRDW","red cell distribution width","Complete Blood Count with 5-part Differential - Whole Blood","numeric","lab"
"LBXRUB","LBXRUB","rubella antibody","Measles, Mumps, Rubella & Varicella","numeric","lab"
"LBXSAL","LBXSAL","albumin","Standard Biochemistry Profile","numeric","lab"
"LBXSAPSI","LBXSAPSI","alkaline phosphotase","Standard Biochemistry Profile","numeric","lab"
"LBXSASSI","LBXSASSI","asparate aminotransferase","Standard Biochemistry Profile","numeric","lab"
"LBXSATSI","LBXSATSI","alanine aminotransferase","Standard Biochemistry Profile","numeric","lab"
"LBXSBU","LBXSBU","blood urea nitrogen","Standard Biochemistry Profile","numeric","lab"
"LBXSC3SI","LBXSC3SI","bicarbonate","Standard Biochemistry Profile","numeric","lab"
"LBXSCA","LBXSCA","total calcium","Standard Biochemistry Profile","numeric","lab"
"LBXSCK","LBXSCK","creatine phosphokinase","Standard Biochemistry Profile","numeric","lab"
"LBXSCLSI","LBXSCLSI","chloride","Standard Biochemistry Profile","numeric","lab"
"LBXSCU","LBXSCU","serum copper","Copper, Selenium & Zinc - Serum","numeric","lab"
"LBXSD1","LBXSD1","stearidonic acid","Fatty Acids - Serum","numeric","lab"
"LBXSF1SI","LBXSF1SI","5-methyl-tetrahydrofolate","Folate Forms - Individual - Serum","numeric","lab"
"LBXSF3SI","LBXSF3SI","5-formyl-tetrahydrofolate","Folate Forms - Total & Individual - Serum","numeric","lab"
"LBXSF5SI","LBXSF5SI","5,10-methenyl-tetrahydrofolate","Folate Forms - Total & Individual - Serum","numeric","lab"
"LBXSF6SI","LBXSF6SI","mefox oxidation product","Folate Forms - Total & Individual - Serum","numeric","lab"
"LBXSGB","LBXSGB","globulin","Standard Biochemistry Profile","numeric","lab"
"LBXSGTSI","LBXSGTSI","gamma glutamyl transferase","Standard Biochemistry Profile","numeric","lab"
"LBXSHBG","LBXSHBG","sex hormone binding globulin","Sex Steroid Hormone - Serum","numeric","lab"
"LBXSIR","LBXSIR","iron, refigerated","Standard Biochemistry Profile","numeric","lab"
"LBXSKSI","LBXSKSI","potassium","Standard Biochemistry Profile","numeric","lab"
"LBXSLDSI","LBXSLDSI","lactate dehydrogenase ldh","Standard Biochemistry Profile","numeric","lab"
"LBXSNASI","LBXSNASI","sodium","Standard Biochemistry Profile","numeric","lab"
"LBXSOSSI","LBXSOSSI","osmolality","Standard Biochemistry Profile","numeric","lab"
"LBXSSE","LBXSSE","serum selenium","Copper, Selenium & Zinc - Serum","numeric","lab"
"LBXST1","LBXST1","stearic acid","Fatty Acids - Serum","numeric","lab"
"LBXSTB","LBXSTB","total bilirubin","Standard Biochemistry Profile","numeric","lab"
"LBXSTP","LBXSTP","total protein","Standard Biochemistry Profile","numeric","lab"
"LBXSUA","LBXSUA","uric acid","Standard Biochemistry Profile","numeric","lab"
"LBXSZN","LBXSZN","serum zinc","Copper, Selenium & Zinc - Serum","numeric","lab"
"LBXT3F","LBXT3F","triiodothyronine, free","Thyroid Profile","numeric","lab"
"LBXT4","LBXT4","thyroxine","Thyroid - Stimulating Hormone & Thyroxine (TSH & T4)","numeric","lab"
"LBXT4F","LBXT4F","thyroxine, free","Thyroid Profile","numeric","lab"
"LBXTBA","LBXTBA","tb antigen result","Tuberculosis - Quantiferon_In_Gold","numeric","lab"
"LBXTBM","LBXTBM","tb mitogen control result","Tuberculosis - Quantiferon_In_Gold","numeric","lab"
"LBXTBN","LBXTBN","tb nil control result","Tuberculosis - Quantiferon_In_Gold","numeric","lab"
"LBXTC","LBXTC","total cholesterol","Cholesterol - Total","numeric","lab"
"LBXTFR","LBXTFR","transferrin receptor","Transferrin Receptor","numeric","lab"
"LBXTR","LBXTR","triglyceride","Cholesterol - LDL & Triglycerides","numeric","lab"
"LBXTSA","LBXTSA","tricosanoic acid","Fatty Acids - Serum","numeric","lab"
"LBXTSH","LBXTSH","thyroid stimulating hormone","Thyroid - Stimulating Hormone & Thyroxine (TSH & T4)","numeric","lab"
"LBXTSH1","LBXTSH1","thyroid stimulating hormone","Thyroid Profile","numeric","lab"
"LBXTST","LBXTST","testosterone total","Total Testosterone","numeric","lab"
"LBXTT3","LBXTT3","triiodothyronine, total","Thyroid Profile","numeric","lab"
"LBXTT4","LBXTT4","thyroxine, total","Thyroid Profile","numeric","lab"
"LBXUIB","LBXUIB","unsaturated iron binding capacity, serum","Iron Status - Serum","numeric","lab"
"LBXVAR","LBXVAR","varicella","Measles, Rubella, & Varicella","numeric","lab"
"LBXVB6","LBXVB6","vitamin b6 test results.","Vitamin B6","numeric","lab"
"LBXVC1","LBXVC1","cis-vaccenic acid","Fatty Acids - Serum","numeric","lab"
"LBXVD2MS","LBXVD2MS","25-hydroxyvitamin d2","Vitamin D","numeric","lab"
"LBXVD3MS","LBXVD3MS","25-hydroxyvitamin d3","Vitamin D","numeric","lab"
"LBXVE3MS","LBXVE3MS","epi-25-hydroxyvitamin d3","Vitamin D","numeric","lab"
"LBXVIC","LBXVIC","vitamin c","Vitamin C","numeric","lab"
"LBXVIDMS","LBXVIDMS","25-hydroxyvitamin d2 + d3","Vitamin D","numeric","lab"
"LBXW11","LBXW11","serum ige antibody to russian thistle, result","Allergen Specific IgE(s) & Total IgE - Serum","numeric","lab"
"LBXWBCSI","LBXWBCSI","white blood cell count:  si","Complete Blood Count with 5-part Differential - Whole Blood","numeric","lab"
"LBXWIO","LBXWIO","iodide, water","Perchlorate, Nitrate & Iodide - Tap Water","numeric","lab"
"LBXZEA","LBXZEA","zeaxanthin","Vitamin A, Vitamin E & Carotenoids","numeric","lab"
"LMR","LMR","imm. c. inflammation","Chronic inflammation","numeric","lab"
"NLR","NLR","imm. c. inflammation","Chronic inflammation","numeric","lab"
"PHACOFHR","PHACOFHR","the time since the examinee last drank coffee or tea with cream or sugar.","Fasting Questionnaire","numeric","lab"
"PHACOFMN","PHACOFMN","the time since the examinee last drank coffee or tea with cream or sugar.","Fasting Questionnaire","numeric","lab"
"PHAFSTHR","PHAFSTHR","the time between when the examinee last ate or drank anything other than water and the time of the venipuncture.","Plasma Fasting Glucose & Insulin","numeric","lab"
"PHAFSTMN","PHAFSTMN","the time between when the examinee last ate or drank anything other than water and the time of the venipuncture.","Plasma Fasting Glucose & Insulin","numeric","lab"
"PHASUPHR","PHASUPHR","the time the examinee last had dietary supplements such as vitamins and minerals.","Fasting Questionnaire","numeric","lab"
"PHASUPMN","PHASUPMN","the time the examinee last had dietary supplements such as vitamins and minerals.","Fasting Questionnaire","numeric","lab"
"PLR","PLR","imm. c. inflammation","Chronic inflammation","numeric","lab"
"SSA1","SSA1","alpha1","Monoclonal gammopathy of undetermined significance (MGUS) (Surplus)","numeric","lab"
"SSA2","SSA2","alpha2","Monoclonal gammopathy of undetermined significance (MGUS) (Surplus)","numeric","lab"
"SSAG_R","SSAG_R","albumin/gamma","Monoclonal gammopathy of undetermined significance (MGUS) (Surplus)","numeric","lab"
"SSAGP","SSAGP","alpha-1-acid glycoprotein","Alpha-1-Acid Glycoprotein - Serum (Surplus)","numeric","lab"
"SSALB","SSALB","albumin","Monoclonal gammopathy of undetermined significance (MGUS) (Surplus)","numeric","lab"
"SSALN_N","SSALN_N","alpha-linolenic acid","Fatty Acids - Plasma (Surplus)","numeric","lab"
"SSAMH","SSAMH","anti-mullerian hormone","Anti-Mullerian Hormone (AMH) & Inhibin-B (Surplus)","numeric","lab"
"SSAND","SSAND","n-desmethylacetamiprid","Neonicotinoids - Urine - Surplus","numeric","lab"
"SSAR1_N","SSAR1_N","arachidic acid","Fatty Acids - Plasma (Surplus)","numeric","lab"
"SSARA_N","SSARA_N","arachidonic acid","Fatty Acids - Plasma (Surplus)","numeric","lab"
"SSATG","SSATG","thyroglobulin antibody","Thyroid Profile (Surplus)","numeric","lab"
"SSB2M","SSB2M","beta-2 microglobulin","ß-trace Protein & ß2 Microglobulin (Surplus)","numeric","lab"
"SSBCEP","SSBCEP","bis phosphate","Flame Retardant Metabolites - Urine (Surplus)","numeric","lab"
"SSBCPP","SSBCPP","bis phosphate","Flame Retardant Metabolites - Urine (Surplus)","numeric","lab"
"SSBDCPP","SSBDCPP","bis phosphate","Flame Retardant Metabolites - Urine (Surplus)","numeric","lab"
"SSBETA","SSBETA","beta","Monoclonal gammopathy of undetermined significance (MGUS) (Surplus)","numeric","lab"
"SSBNP","SSBNP","nt-probnp pg/ml","N-terminal Pro-BNP (Surplus)","numeric","lab"
"SSBPPP","SSBPPP","4phenyl)phenyl phosphate","Flame Retardants - Urine (Surplus)","numeric","lab"
"SSCL1Y","SSCL1Y","3-chlorotyrosine","Chlorinated Tyrosine – Serum (Surplus)","numeric","lab"
"SSCMVOD","SSCMVOD","cmv optical density from elisa","Cytomegalovirus Antibodies - Serum (Surplus)","numeric","lab"
"SSCTEIOD","SSCTEIOD","chlamydia pgp3 eia optical density","Chlamydia Pgp3 (plasmid gene product 3) ELISA (enzyme linked immunosorbent assay) and multiplex bead array (MBA) results","numeric","lab"
"SSCTMBFI","SSCTMBFI","chlamydia ppg3 mba medium fluorescence intensity","Chlamydia Pgp3 (plasmid gene product 3) ELISA (enzyme linked immunosorbent assay) and multiplex bead array (MBA) results","numeric","lab"
"SSCYPC","SSCYPC","cystatin c","Cystatin C (Surplus)","numeric","lab"
"SSDBUP","SSDBUP","dibutyl phosphate","Flame Retardant Metabolites - Urine (Surplus)","numeric","lab"
"SSDFSE","SSDFSE","dense fine speckled eis unit","Autoantibodies - Anti-DFS70 Autoantibody Analyses (Surplus)","numeric","lab"
"SSDHA_N","SSDHA_N","docosahexaenoic acid","Fatty Acids - Plasma (Surplus)","numeric","lab"
"SSDP3_N","SSDP3_N","docosapentaenoic-3 acid","Fatty Acids - Plasma (Surplus)","numeric","lab"
"SSDPCP","SSDPCP","di-p-cresyl phosphate","Flame Retardant Metabolites - Urine (Surplus)","numeric","lab"
"SSDPHP","SSDPHP","diphenyl phosphate","Flame Retardant Metabolites - Urine (Surplus)","numeric","lab"
"SSECPT","SSECPT","mono2ethyl5carboxypentyl terephth","Mono-2-ethyl-5-hydroxyhexyl terephthalate, mono-2-ethyl-5-carboxypentyl terephthalate, and monooxoisononyl phthalate - Urine (Surplus)","numeric","lab"
"SSED1_N","SSED1_N","eicosadienoic acid","Fatty Acids - Plasma (Surplus)","numeric","lab"
"SSEN1_N","SSEN1_N","eicosenoic acid","Fatty Acids - Plasma (Surplus)","numeric","lab"
"SSEPA_N","SSEPA_N","eicosapentaenoic acid","Fatty Acids - Plasma (Surplus)","numeric","lab"
"SSFHA","SSFHA","pertussis filamentous hemagglutinin antibody iu/ml","Pertussis and tetanus – Serum (Surplus)","numeric","lab"
"SSFOLTSI","SSFOLTSI","total folate pmol/ml","Folic Acid - Unmetabolized (Surplus)","numeric","lab"
"SSGALB","SSGALB","glycated albumin g/dl","Glycated albumin, Beta-2 Microglobulin, Cystatin C (Surplus)","numeric","lab"
"SSGALBP","SSGALBP","percent glycated albumin%","Glycated albumin, Beta-2 Microglobulin, Cystatin C (Surplus)","numeric","lab"
"SSGI4CM","SSGI4CM","mean antibody concentration for gi.4 ag","Norovirus antibody - Serum","numeric","lab"
"SSGII3OM","SSGII3OM","mean optical density for gii.3 ag","Norovirus antibody - Serum","numeric","lab"
"SSGIV1C2","SSGIV1C2","antibody conc. in dup. 2 for giv.1 ag","Norovirus antibody - Serum","numeric","lab"
"SSGIV1O2","SSGIV1O2","od in duplicate 2 for giv.1 antigen","Norovirus antibody - Serum","numeric","lab"
"SSGLA_N","SSGLA_N","gamma-linolenic acid","Fatty Acids - Plasma (Surplus)","numeric","lab"
"SSGLYP","SSGLYP","glyphosate","Glyphosate (GLYP) - Urine","numeric","lab"
"SSHE4","SSHE4","human epididymal. secretory protein pm","Human epididymal secretory protein E4 (HE4) - Serum (Surplus)","numeric","lab"
"SSHGL_N","SSHGL_N","homo-gamma-linolenic acid","Fatty Acids - Plasma (Surplus)","numeric","lab"
"SSHPTYPE","SSHPTYPE","oral hpv type","Human Papillomavirus (HPV) Viral Load - Oral Rinse - Oral High-Risk HPV Infections (Surplus)","numeric","lab"
"SSHPVCEL","SSHPVCEL","oral hpv cell number","Human Papillomavirus (HPV) Viral Load - Oral Rinse - Oral High-Risk HPV Infections (Surplus)","numeric","lab"
"SSHPVLD","SSHPVLD","oral hpv viral load","Human Papillomavirus (HPV) Viral Load - Oral Rinse - Oral High-Risk HPV Infections (Surplus)","numeric","lab"
"SSHPVNLD","SSHPVNLD","oral hpv normal viral load","Human Papillomavirus (HPV) Viral Load - Oral Rinse - Oral High-Risk HPV Infections (Surplus)","numeric","lab"
"SSII4FOM","SSII4FOM","mean od for gii.4 farmington hills ag","Norovirus antibody - Serum","numeric","lab"
"SSII4NC1","SSII4NC1","ab in dup 1 for gii.4 new orleans ag","Norovirus antibody - Serum","numeric","lab"
"SSII4UCM","SSII4UCM","mean ab conc. for gii.4 us95/96 antigen","Norovirus antibody - Serum","numeric","lab"
"SSIMID","SSIMID","imidacloprid","Neonicotinoids - Urine - Surplus","numeric","lab"
"SSINHBIN","SSINHBIN","inhibin b","Anti-Mullerian Hormone (AMH) & Inhibin-B (Surplus)","numeric","lab"
"SSIPPP","SSIPPP","2phenyl)phenyl phosphate","Flame Retardants - Urine (Surplus)","numeric","lab"
"SSISR","SSISR","specimen index ratio","Mumps Antibody - Serum (Surplus)","numeric","lab"
"SSK_FLC","SSK_FLC","kappa flc","Monoclonal gammopathy of undetermined significance (MGUS) (Surplus)","numeric","lab"
"SSKL_R","SSKL_R","k/l ratio","Monoclonal gammopathy of undetermined significance (MGUS) (Surplus)","numeric","lab"
"SSKLOTH","SSKLOTH","klotho","Klotho - Serum (Surplus)","numeric","lab"
"SSL_FLC","SSL_FLC","lambda flc","Monoclonal gammopathy of undetermined significance (MGUS) (Surplus)","numeric","lab"
"SSLNA_N","SSLNA_N","linoleic acid","Fatty Acids - Plasma (Surplus)","numeric","lab"
"SSMEL","SSMEL","melamine","Melamine - Urine (Surplus)","numeric","lab"
"SSMETSI","SSMETSI","methyltetrahydrofolate pmol/ml","Folic Acid - Unmetabolized (Surplus)","numeric","lab"
"SSMHHT","SSMHHT","mono2ethyl5hydroxyhexyl terephth","Mono-2-ethyl-5-hydroxyhexyl terephthalate, mono-2-ethyl-5-carboxypentyl terephthalate, and monooxoisononyl phthalate - Urine (Surplus)","numeric","lab"
"SSMONP","SSMONP","monooxoisononyl phthalate","Mono-2-ethyl-5-hydroxyhexyl terephthalate, mono-2-ethyl-5-carboxypentyl terephthalate, and monooxoisononyl phthalate - Urine (Surplus)","numeric","lab"
"SSMR1_N","SSMR1_N","myristic acid","Fatty Acids - Plasma (Surplus)","numeric","lab"
"SSNR1_N","SSNR1_N","nervonic acid","Fatty Acids - Plasma (Surplus)","numeric","lab"
"SSOJ","SSOJ","oj antigen","Autoantibodies - Immunofluorescence & Immunoprecipitation Analyses (Surplus)","numeric","lab"
"SSOL1_N","SSOL1_N","oleic acid","Fatty Acids - Plasma (Surplus)","numeric","lab"
"SSPL1_N","SSPL1_N","palmitoleic acid","Fatty Acids - Plasma (Surplus)","numeric","lab"
"SSPM1_N","SSPM1_N","palmitic acid","Fatty Acids - Plasma (Surplus)","numeric","lab"
"SSPRN","SSPRN","pertactin antibody iu/ml","Pertussis and tetanus – Serum (Surplus)","numeric","lab"
"SSPT","SSPT","pertussis toxin antibody iu/ml","Pertussis and tetanus – Serum (Surplus)","numeric","lab"
"SSPV1","SSPV1","antibody against wild type polio virus 1","Poliovirus Serotypes 1, 2, & 3 Antibodies - Serum (Surplus)","numeric","lab"
"SSPV2","SSPV2","antibody against wild type polio virus 2","Poliovirus Serotypes 1, 2, & 3 Antibodies - Serum (Surplus)","numeric","lab"
"SSPV3","SSPV3","antibody against wild type polio virus 3","Poliovirus Serotypes 1, 2, & 3 Antibodies - Serum (Surplus)","numeric","lab"
"SSSAPN","SSSAPN","α-pinene","Terpenes – Serum (Surplus)","numeric","lab"
"SSSE2","SSSE2","estradiol","Sex Steroid Hormone - Men (Surplus)","numeric","lab"
"SSSHBG","SSSHBG","sex hormone binding globulin","Sex Steroid Hormone - Men (Surplus)","numeric","lab"
"SSSNFL","SSSNFL","serum neurofilament light chain","Serum Neurofilament Light Chain - Serum","numeric","lab"
"SSSPIKE","SSSPIKE","size of peak if available","Monoclonal gammopathy of undetermined significance (MGUS) (Surplus)","numeric","lab"
"SSST1_N","SSST1_N","stearic acid","Fatty Acids - Plasma (Surplus)","numeric","lab"
"SSTCAMFI","SSTCAMFI","toxocara mean florescent intensity","Antibody to Toxocara spp. (Surplus)","numeric","lab"
"SSTESTO","SSTESTO","testostosterone","Sex Steroid Hormone - Men (Surplus)","numeric","lab"
"SSTGN","SSTGN","thyroglobulin","Thyroid Profile (Surplus)","numeric","lab"
"SSTNIO","SSTNIO","cardiac hs-troponin i, ng/l","High-sensitivity cardiac troponins (Surplus)","numeric","lab"
"SSTNIS","SSTNIS","cardiac hs-troponin i, ng/l","High-sensitivity cardiac troponins (Surplus)","numeric","lab"
"SSTNT","SSTNT","cardiac hs-troponin t, ng/l","High-sensitivity cardiac troponins (Surplus)","numeric","lab"
"SSTOTAL","SSTOTAL","total_protein","Monoclonal gammopathy of undetermined significance (MGUS) (Surplus)","numeric","lab"
"SSTT","SSTT","tetanus toxin antibody iu/ml","Pertussis and tetanus – Serum (Surplus)","numeric","lab"
"SSTT3","SSTT3","total t3","Thyroid Profile (Surplus)","numeric","lab"
"SSTT4","SSTT4","total t4","Thyroid Profile (Surplus)","numeric","lab"
"SSTTGV","SSTTGV","ttg iga value","Monoclonal gammopathy of undetermined significance (MGUS) (Surplus)","numeric","lab"
"SSUCTVL","SSUCTVL","cytomegalovirus viral load copies/ml","Cytomegalovirus shedding - Urine (Surplus)","numeric","lab"
"SSUSG","SSUSG","urine specific gravity","Urine Specific Gravity Measurement (Surplus)","numeric","lab"
"SSVC1_N","SSVC1_N","cis-vaccenic acid","Fatty Acids - Plasma (Surplus)","numeric","lab"
"SSXNO3","SSXNO3","continuous variable describing urinary concentration of nitrate. limit of detection: 700 ug/l.","Perchlorate, Nitrate & Thiocyanate - Urine (Surplus)","numeric","lab"
"SSXSCN","SSXSCN","continuous variable describing urinary concentration of  thiocyanate. limit of detection: 20 ug/l.","Perchlorate, Nitrate & Thiocyanate - Urine (Surplus)","numeric","lab"
"SSXUP8","SSXUP8","urinary perchlorate","Perchlorate, Nitrate & Thiocyanate - Urine (Surplus)","numeric","lab"
"UR2NT","UR2NT","n-telopeptides","C-Reactive Protein & Others, Second Exam","numeric","lab"
"UR2UCR","UR2UCR","creatinine, urine","Creatinine & Albumin - Urine, Second Exam","numeric","lab"
"UR2UMA","UR2UMA","albumin, urine","Creatinine & Albumin - Urine, Second Exam","numeric","lab"
"URDACT","URDACT","first albumin creatinine ratio","Albumin & Creatinine - Urine","numeric","lab"
"URDACT2","URDACT2","second albumin creatinine ratio","Albumin & Creatinine - Urine","numeric","lab"
"URDFLOW1","URDFLOW1","urine #1 flow rate","Urine Flow Rate","numeric","lab"
"URDFLOW2","URDFLOW2","urine #2 flow rate","Urine Flow Rate","numeric","lab"
"URDFLOW3","URDFLOW3","urine #3 flow rate","Urine Flow Rate","numeric","lab"
"URDNT","URDNT","n-telopeptides","C-Reactive protein (CRP), Fibrinogen, Bone Alkaline Phosphatase & Urinary N-telopeptides","numeric","lab"
"URDTIME1","URDTIME1","the time between last urination and the first urine sample collection in minutes","Urine Flow Rate","numeric","lab"
"URDTIME2","URDTIME2","the time between the first and second urine sample collections in minutes","Urine Flow Rate","numeric","lab"
"URDTIME3","URDTIME3","the time between the second and third urine sample collections in minutes","Urine Flow Rate","numeric","lab"
"URDTNE3","URDTNE3","total nicotine equivalents - 3","Cotinine, Hydroxycotinine, & Other Nicotine Metabolites and Analogs - Urine - Special Sample","numeric","lab"
"URDUCD","URDUCD","cadmium, urine","Metals - Urine","numeric","lab"
"URX1NP","URX1NP","1-aminonaphthalene, urine","Aromatic Amines - Urine","numeric","lab"
"URX2NP","URX2NP","2-aminonaphthalene, urine","Aromatic Amines - Urine","numeric","lab"
"URX4BP","URX4BP","4-aminobiphenyl, urine","Aromatic Amines - Urine","numeric","lab"
"URX4MDA","URX4MDA","4,4'-diaminodiphenylmethane","Aromatic Diamines - Urine","numeric","lab"
"URX4TDA","URX4TDA","2,4-diaminotoluene","Aromatic Diamines - Urine","numeric","lab"
"URX4TO","URX4TO","urinary 4-tert-octyl phenol","Environmental Phenols","numeric","lab"
"URXAAC","URXAAC","2-amino-9h-pyrido[2,3-b]indole","Heterocyclic Aromatic Amines - Urine","numeric","lab"
"URXAMU","URXAMU","5-acetylamino-6-amino-3-methyluracil","Caffeine & Caffeine Metabolites - Urine","numeric","lab"
"URXANBT","URXANBT","anabasine, urine","Cotinine, Hydroxycotinine, & Other Nicotine Metabolites and Analogs - Urine - Special Sample","numeric","lab"
"URXANS","URXANS","o-anisidine, urine","Aromatic Amines - Urine","numeric","lab"
"URXANTT","URXANTT","anatabine, urine","Cotinine, Hydroxycotinine, & Other Nicotine Metabolites and Analogs - Urine - Special Sample","numeric","lab"
"URXBCEP","URXBCEP","bis-2-chloroethyl phosphate","Flame Retardants - Urine","numeric","lab"
"URXBCPP","URXBCPP","bis phosphate","Flame Retardants - Urine","numeric","lab"
"URXBDCP","URXBDCP","bis phosphate","Flame Retardants - Urine","numeric","lab"
"URXBP3","URXBP3","urinary 2-hydroxy-4-metoxybenzophenone","Environmental Phenols","numeric","lab"
"URXBPF","URXBPF","urinary 4,4' dihydroxydiphenylmethane","Personal Care and Consumer Product Chemicals and Metabolites","numeric","lab"
"URXBPH","URXBPH","urinary bisphenol a","Environmental Phenols","numeric","lab"
"URXBPS","URXBPS","urinary 4,4'sulfonyldiphenol","Personal Care and Consumer Product Chemicals and Metabolites","numeric","lab"
"URXBUP","URXBUP","butyl paraben","Environmental Phenols","numeric","lab"
"URXCOTT","URXCOTT","total cotinine, urine","Cotinine, Hydroxycotinine, & Other Nicotine Metabolites and Analogs - Urine - Special Sample","numeric","lab"
"URXCOXT","URXCOXT","cotinine-n-oxide, urine","Cotinine, Hydroxycotinine, & Other Nicotine Metabolites and Analogs - Urine - Special Sample","numeric","lab"
"URXDAZ","URXDAZ","daidzein","Phytoestrogens - Urine","numeric","lab"
"URXDBUP","URXDBUP","dibutyl phosphate","Flame Retardants - Urine","numeric","lab"
"URXDEA","URXDEA","deet acid","DEET and Metabolites","numeric","lab"
"URXDMA","URXDMA","o-desmethylangolensin","Phytoestrogens - Urine","numeric","lab"
"URXDMN","URXDMN","2,6-dimethylaniline, urine","Aromatic Amines - Urine","numeric","lab"
"URXDPHP","URXDPHP","diphenyl phosphate","Flame Retardants - Urine","numeric","lab"
"URXEPB","URXEPB","ethyl paraben","Environmental Phenols","numeric","lab"
"URXEQU","URXEQU","equol","Phytoestrogens - Urine","numeric","lab"
"URXETD","URXETD","enterodiol","Phytoestrogens - Urine","numeric","lab"
"URXGLP1","URXGLP1","2-amino-6-methyldipyrido[1,2-a:3',2'-d]imidazole","Heterocyclic Aromatic Amines - Urine","numeric","lab"
"URXGNS","URXGNS","genistein","Phytoestrogens - Urine","numeric","lab"
"URXHCTT","URXHCTT","total hydroxycotinine, urine","Cotinine, Hydroxycotinine, & Other Nicotine Metabolites and Analogs - Urine - Special Sample","numeric","lab"
"URXHM","URXHM","harman","Heterocyclic Aromatic Amines - Urine","numeric","lab"
"URXHPBT","URXHPBT","1--1-butanol-4-carboxylic acid, urine","Cotinine, Hydroxycotinine, & Other Nicotine Metabolites and Analogs - Urine","numeric","lab"
"URXMAAC","URXMAAC","2-amino-3-methyl-9h-pyriodo[2,3-b]indole","Heterocyclic Aromatic Amines - Urine","numeric","lab"
"URXMPB","URXMPB","methyl paraben","Environmental Phenols","numeric","lab"
"URXMU1","URXMU1","1-methyluric acid","Caffeine & Caffeine Metabolites - Urine","numeric","lab"
"URXMU2","URXMU2","3-methyluric acid","Caffeine & Caffeine Metabolites - Urine","numeric","lab"
"URXMU4","URXMU4","1,3-dimethyluric acid","Caffeine & Caffeine Metabolites - Urine","numeric","lab"
"URXMU5","URXMU5","1,7-dimethyluric acid","Caffeine & Caffeine Metabolites - Urine","numeric","lab"
"URXMU6","URXMU6","3,7-dimethyluric acid","Caffeine & Caffeine Metabolites - Urine","numeric","lab"
"URXMU7","URXMU7","1,3,7-trimethyluric acid","Caffeine & Caffeine Metabolites - Urine","numeric","lab"
"URXMX1","URXMX1","1-methylxanthine","Caffeine & Caffeine Metabolites - Urine","numeric","lab"
"URXMX3","URXMX3","7-methylxanthine","Caffeine & Caffeine Metabolites - Urine","numeric","lab"
"URXMX4","URXMX4","1,3-dimethylxanthineumol/l","Caffeine & Caffeine Metabolites - Urine","numeric","lab"
"URXMX5","URXMX5","1,7-dimethylxanthine","Caffeine & Caffeine Metabolites - Urine","numeric","lab"
"URXMX6","URXMX6","3,7-dimethylxanthine","Caffeine & Caffeine Metabolites - Urine","numeric","lab"
"URXMX7","URXMX7","1,3,7-trimethylxanthine","Caffeine & Caffeine Metabolites - Urine","numeric","lab"
"URXNAB","URXNAB","n'-nitrosanabasine, urine","Tobacco-specific Nitrosamines (TSNAs) - Urine","numeric","lab"
"URXNAL","URXNAL","nnal , urine","Cotinine - Serum & Total NNAL - Urine","numeric","lab"
"URXNAT","URXNAT","n'-nitrosanatabine, urine","Tobacco-specific Nitrosamines (TSNAs) - Urine","numeric","lab"
"URXNHM","URXNHM","norharman","Heterocyclic Aromatic Amines - Urine","numeric","lab"
"URXNICT","URXNICT","nicotine, urine","Cotinine, Hydroxycotinine, & Other Nicotine Metabolites and Analogs - Urine - Special Sample","numeric","lab"
"URXNNCT","URXNNCT","nornicotine, urine","Cotinine, Hydroxycotinine, & Other Nicotine Metabolites and Analogs - Urine - Special Sample","numeric","lab"
"URXNNN","URXNNN","n'-nitrosonornicotine, urine","Tobacco-specific Nitrosamines (TSNAs) - Urine","numeric","lab"
"URXNO3","URXNO3","urinary nitrate","Perchlorate, Nitrate & Thiocyanate - Urine","numeric","lab"
"URXNOXT","URXNOXT","nicotine-1 n-oxide, urine","Cotinine, Hydroxycotinine, & Other Nicotine Metabolites and Analogs - Urine - Special Sample","numeric","lab"
"URXNPIP","URXNPIP","n-nitrosopiperidine","Volatile N-Nitrosamine Compounds (VNAs) - Urine","numeric","lab"
"URXNT","URXNT","n-telopeptides","C-Reactive Protein (CRP)","numeric","lab"
"URXOAV","URXOAV","urine osmolality","Osmolality - Urine","numeric","lab"
"URXOP1","URXOP1","dimethylphosphate result","Organophosphate Insecticides - Diakyl Phosphate Metabolites - Urine","numeric","lab"
"URXOP2","URXOP2","diethylphosphate","Organophosphate Insecticides - Diakyl Phosphate Metabolites - Urine","numeric","lab"
"URXOP3","URXOP3","dimethylthiophosphate","Organophosphate Insecticides - Diakyl Phosphate Metabolites - Urine","numeric","lab"
"URXOP4","URXOP4","diethylthiophosphate","Organophosphate Insecticides - Diakyl Phosphate Metabolites - Urine","numeric","lab"
"URXOP6","URXOP6","diethyldithiophosphate","Organophosphate Insecticides - Diakyl Phosphate Metabolites - Urine","numeric","lab"
"URXOXY","URXOXY","oxypyrimidine result","Pyrethroids, Herbicides, & OP Metabolites - Urine","numeric","lab"
"URXP01","URXP01","1-napthol","Polyaromatic Hydrocarbons (PAHs) - Urine","numeric","lab"
"URXP02","URXP02","2-napthol","Polyaromatic Hydrocarbons (PAHs) - Urine","numeric","lab"
"URXP04","URXP04","2-fluorene","Polyaromatic Hydrocarbons (PAHs) - Urine","numeric","lab"
"URXP05","URXP05","3-phenanthrene","Polyaromatic Hydrocarbons (PAHs) - Urine","numeric","lab"
"URXP06","URXP06","1-phenanthrene","Polyaromatic Hydrocarbons (PAHs) - Urine","numeric","lab"
"URXP07","URXP07","2-phenanthrene","Polyaromatic Hydrocarbons (PAHs) - Urine","numeric","lab"
"URXP10","URXP10","1-pyrene","Polyaromatic Hydrocarbons (PAHs) - Urine","numeric","lab"
"URXP17","URXP17","9-fluorene","Polyaromatic Hydrocarbons (PAHs) - Urine","numeric","lab"
"URXP25","URXP25","2-hydroxyphenanthrene & 3-hydroxyphenanthrene","Polycyclic Aromatic Hydrocarbons (PAH) - Urine","numeric","lab"
"URXPPB","URXPPB","propyl paraben","Environmental Phenols","numeric","lab"
"URXPPDA","URXPPDA","p-phenylenediamine","Aromatic Diamines - Urine","numeric","lab"
"URXTBBA","URXTBBA","2,3,4,5-tetrabromobenzoic acid","Flame Retardants - Urine","numeric","lab"
"URXTLC","URXTLC","urinary triclocarban","Personal Care and Consumer Product Chemicals and Metabolites","numeric","lab"
"URXUAB","URXUAB","urinary arsenobetaine","Arsenics - Total & Speciated - Urine","numeric","lab"
"URXUAC","URXUAC","urinary arsenocholine","Arsenics - Total & Speciated - Urine","numeric","lab"
"URXUAS","URXUAS","urinary total arsenic","Arsenics - Total & Speciated - Urine","numeric","lab"
"URXUAS3","URXUAS3","urinary arsenous acid","Arsenics - Total & Speciated - Urine","numeric","lab"
"URXUAS5","URXUAS5","urinary arsenic acid","Arsenics - Total & Speciated - Urine","numeric","lab"
"URXUBA","URXUBA","barium, urine","Metals - Urine","numeric","lab"
"URXUBE","URXUBE","beryllium, urine","Metals - Urine","numeric","lab"
"URXUCD","URXUCD","cadmium, urine","Metals - Urine","numeric","lab"
"URXUCM","URXUCM","chromium, urine","Chromium - Urine","numeric","lab"
"URXUCO","URXUCO","cobalt, urine","Metals - Urine","numeric","lab"
"URXUCR","URXUCR","creatinine, urine","Metals - Urine","numeric","lab"
"URXUCR2","URXUCR2","second creatinine","Albumin & Creatinine - Urine","numeric","lab"
"URXUCS","URXUCS","cesium, urine","Metals - Urine","numeric","lab"
"URXUDMA","URXUDMA","urinary dimethylarsinic acid","Arsenics - Total & Speciated - Urine","numeric","lab"
"URXUFL","URXUFL","fluoride, urine","Fluoride - Urine","numeric","lab"
"URXUHG","URXUHG","mercury, urine","Mercury: Inorganic - Urine","numeric","lab"
"URXUIO","URXUIO","iodine, urine","Iodine - Urine","numeric","lab"
"URXUMA","URXUMA","albumin, urine","Albumin & Creatinine - Urine","numeric","lab"
"URXUMA2","URXUMA2","second albumin","Albumin & Creatinine - Urine","numeric","lab"
"URXUMMA","URXUMMA","urinary monomethylarsonic acid","Arsenics - Total & Speciated - Urine","numeric","lab"
"URXUMN","URXUMN","manganese, urine","Metals - Urine","numeric","lab"
"URXUMO","URXUMO","molybdenum, urine","Metals - Urine","numeric","lab"
"URXUNI","URXUNI","nickel, urine","Nickel - Urine","numeric","lab"
"URXUP8","URXUP8","urinary perchlorate","Perchlorate, Nitrate & Thiocyanate - Urine","numeric","lab"
"URXUPB","URXUPB","lead, urine","Metals - Urine","numeric","lab"
"URXUPT","URXUPT","platinum, urine","Metals - Urine","numeric","lab"
"URXUSB","URXUSB","antimony, urine","Metals - Urine","numeric","lab"
"URXUSN","URXUSN","tin, urine","Metals - Urine","numeric","lab"
"URXUTL","URXUTL","thallium, urine","Metals - Urine","numeric","lab"
"URXUTM","URXUTM","urinary trimethylarsine oxide","Arsenics - Total & Speciated - Urine","numeric","lab"
"URXUTU","URXUTU","tungsten, urine","Metals - Urine","numeric","lab"
"URXUUR","URXUUR","uranium, urinary","Metals - Urine","numeric","lab"
"URXVOL1","URXVOL1","the volume of urine collection #1","Urine Flow Rate","numeric","lab"
"URXVOL2","URXVOL2","the volume of urine collection #2","Urine Flow Rate","numeric","lab"
"WTSTH2YR","WTSTH2YR","thyroid hormones subsample 2 yr mec wgt","Thyroid - Stimulating Hormone & Thyroxine (TSH & T4)","numeric","lab"
"SS3ADLG","SS3ADLG","ss3adlg","SS3ADLG","numeric","lab"
"SSCAMIGA","SSCAMIGA","sscamiga","SSCAMIGA","numeric","lab"
"SSCAMIGM","SSCAMIGM","sscamigm","SSCAMIGM","numeric","lab"
"SSSALIGG","SSSALIGG","salmonella igg","SSSALIGG","numeric","lab"
"SSSALIGM","SSSALIGM","sssaligm","SSSALIGM","numeric","lab"
"TELOMEAN","TELOMEAN","telomean","TELOMEAN","numeric","lab"
"TELOSTD","TELOSTD","telostd","TELOSTD","numeric","lab"
"WTSC2YRA","WTSC2YRA","wtsc2yra","WTSC2YRA","numeric","lab"
