fit_name,fit_params,contains_senogenic,age,survival
eta,eta,True,0.0,1.0
eta,eta,True,0.25,1.0
eta,eta,True,0.5,1.0
eta,eta,True,0.75,1.0
eta,eta,True,1.0,1.0
eta,eta,True,1.25,1.0
eta,eta,True,1.5,1.0
eta,eta,True,1.75,1.0
eta,eta,True,2.0,1.0
eta,eta,True,2.25,1.0
eta,eta,True,2.5,1.0
eta,eta,True,2.75,1.0
eta,eta,True,3.0,1.0
eta,eta,True,3.25,1.0
eta,eta,True,3.5,1.0
eta,eta,True,3.75,1.0
eta,eta,True,4.0,1.0
eta,eta,True,4.25,1.0
eta,eta,True,4.5,1.0
eta,eta,True,4.75,1.0
eta,eta,True,5.0,1.0
eta,eta,True,5.25,1.0
eta,eta,True,5.5,1.0
eta,eta,True,5.75,1.0
eta,eta,True,6.0,1.0
eta,eta,True,6.25,0.9998
eta,eta,True,6.5,0.9994
eta,eta,True,6.75,0.9994
eta,eta,True,7.0,0.9994
eta,eta,True,7.25,0.9994
eta,eta,True,7.5,0.9992
eta,eta,True,7.75,0.9986
eta,eta,True,8.0,0.9982
eta,eta,True,8.25,0.9974
eta,eta,True,8.5,0.9964
eta,eta,True,8.75,0.9956
eta,eta,True,9.0,0.9944
eta,eta,True,9.25,0.9926
eta,eta,True,9.5,0.99
eta,eta,True,9.75,0.989
eta,eta,True,10.0,0.9866
eta,eta,True,10.25,0.9832
eta,eta,True,10.5,0.9792
eta,eta,True,10.75,0.9746
eta,eta,True,11.0,0.9676
eta,eta,True,11.25,0.96
eta,eta,True,11.5,0.9494
eta,eta,True,11.75,0.9372
eta,eta,True,12.0,0.9188
eta,eta,True,12.25,0.899
eta,eta,True,12.5,0.8798
eta,eta,True,12.75,0.8478
eta,eta,True,13.0,0.817
eta,eta,True,13.25,0.7818
eta,eta,True,13.5,0.745
eta,eta,True,13.75,0.6986
eta,eta,True,14.0,0.6538
eta,eta,True,14.25,0.6016
eta,eta,True,14.5,0.5454
eta,eta,True,14.75,0.4772
eta,eta,True,15.0,0.4174
eta,eta,True,15.25,0.3606
eta,eta,True,15.5,0.299
eta,eta,True,15.75,0.2442
eta,eta,True,16.0,0.1948
eta,eta,True,16.25,0.1472
eta,eta,True,16.5,0.1106
eta,eta,True,16.75,0.078
eta,eta,True,17.0,0.0542
eta,eta,True,17.25,0.0388
eta,eta,True,17.5,0.0254
eta,eta,True,17.75,0.0162
eta,eta,True,18.0,0.0094
eta,eta,True,18.25,0.005
eta,eta,True,18.5,0.0022
eta,eta,True,18.75,0.0008
eta,eta,True,19.0,0.0004
eta,eta,True,19.25,0.0002
eta,eta,True,19.5,0.0002
eta,eta,True,19.75,0.0002
eta,eta,True,20.0,0.0
eta,eta,True,20.25,0.0
eta,eta,True,20.5,0.0
eta,eta,True,20.75,0.0
eta,eta,True,21.0,0.0
eta,eta,True,21.25,0.0
eta,eta,True,21.5,0.0
eta,eta,True,21.75,0.0
eta,eta,True,22.0,0.0
eta,eta,True,22.25,0.0
eta,eta,True,22.5,0.0
eta,eta,True,22.75,0.0
eta,eta,True,23.0,0.0
eta,eta,True,23.25,0.0
eta,eta,True,23.5,0.0
eta,eta,True,23.75,0.0
eta,eta,True,24.0,0.0
eta,eta,True,24.25,0.0
eta,eta,True,24.5,0.0
eta,eta,True,24.75,0.0
eta,eta,True,25.0,0.0
eta,eta,True,25.25,0.0
eta,eta,True,25.5,0.0
eta,eta,True,25.75,0.0
eta,eta,True,26.0,0.0
eta,eta,True,26.25,0.0
eta,eta,True,26.5,0.0
eta,eta,True,26.75,0.0
eta,eta,True,27.0,0.0
eta,eta,True,27.25,0.0
eta,eta,True,27.5,0.0
eta,eta,True,27.75,0.0
eta,eta,True,28.0,0.0
eta,eta,True,28.25,0.0
eta,eta,True,28.5,0.0
eta,eta,True,28.75,0.0
eta,eta,True,29.0,0.0
eta,eta,True,29.25,0.0
eta,eta,True,29.5,0.0
eta,eta,True,29.75,0.0
eta,eta,True,30.0,0.0
eta,eta,True,30.25,0.0
eta,eta,True,30.5,0.0
eta,eta,True,30.75,0.0
eta,eta,True,31.0,0.0
eta,eta,True,31.25,0.0
eta,eta,True,31.5,0.0
eta,eta,True,31.75,0.0
eta,eta,True,32.0,0.0
eta,eta,True,32.25,0.0
eta,eta,True,32.5,0.0
eta,eta,True,32.75,0.0
eta,eta,True,33.0,0.0
eta,eta,True,33.25,0.0
eta,eta,True,33.5,0.0
eta,eta,True,33.75,0.0
eta,eta,True,34.0,0.0
eta,eta,True,34.25,0.0
eta,eta,True,34.5,0.0
eta,eta,True,34.75,0.0
eta,eta,True,35.0,0.0
beta,beta,True,0.0,1.0
beta,beta,True,0.25,0.9998
beta,beta,True,0.5,0.9992
beta,beta,True,0.75,0.9978
beta,beta,True,1.0,0.9952
beta,beta,True,1.25,0.99
beta,beta,True,1.5,0.986
beta,beta,True,1.75,0.981
beta,beta,True,2.0,0.9754
beta,beta,True,2.25,0.9706
beta,beta,True,2.5,0.9654
beta,beta,True,2.75,0.9594
beta,beta,True,3.0,0.9524
beta,beta,True,3.25,0.9474
beta,beta,True,3.5,0.9426
beta,beta,True,3.75,0.9342
beta,beta,True,4.0,0.9278
beta,beta,True,4.25,0.9214
beta,beta,True,4.5,0.9152
beta,beta,True,4.75,0.909
beta,beta,True,5.0,0.903
beta,beta,True,5.25,0.8964
beta,beta,True,5.5,0.8896
beta,beta,True,5.75,0.8828
beta,beta,True,6.0,0.8762
beta,beta,True,6.25,0.8688
beta,beta,True,6.5,0.8614
beta,beta,True,6.75,0.8542
beta,beta,True,7.0,0.8436
beta,beta,True,7.25,0.8344
beta,beta,True,7.5,0.8258
beta,beta,True,7.75,0.8168
beta,beta,True,8.0,0.8082
beta,beta,True,8.25,0.7974
beta,beta,True,8.5,0.7902
beta,beta,True,8.75,0.782
beta,beta,True,9.0,0.7728
beta,beta,True,9.25,0.7632
beta,beta,True,9.5,0.755
beta,beta,True,9.75,0.7438
beta,beta,True,10.0,0.7344
beta,beta,True,10.25,0.7228
beta,beta,True,10.5,0.713
beta,beta,True,10.75,0.7004
beta,beta,True,11.0,0.6876
beta,beta,True,11.25,0.6746
beta,beta,True,11.5,0.6636
beta,beta,True,11.75,0.65
beta,beta,True,12.0,0.6418
beta,beta,True,12.25,0.6314
beta,beta,True,12.5,0.6176
beta,beta,True,12.75,0.6066
beta,beta,True,13.0,0.5938
beta,beta,True,13.25,0.58
beta,beta,True,13.5,0.5668
beta,beta,True,13.75,0.5558
beta,beta,True,14.0,0.545
beta,beta,True,14.25,0.5316
beta,beta,True,14.5,0.519
beta,beta,True,14.75,0.5086
beta,beta,True,15.0,0.4942
beta,beta,True,15.25,0.4812
beta,beta,True,15.5,0.4704
beta,beta,True,15.75,0.4594
beta,beta,True,16.0,0.4442
beta,beta,True,16.25,0.433
beta,beta,True,16.5,0.4208
beta,beta,True,16.75,0.408
beta,beta,True,17.0,0.396
beta,beta,True,17.25,0.3824
beta,beta,True,17.5,0.368
beta,beta,True,17.75,0.3558
beta,beta,True,18.0,0.346
beta,beta,True,18.25,0.3352
beta,beta,True,18.5,0.3238
beta,beta,True,18.75,0.3128
beta,beta,True,19.0,0.2992
beta,beta,True,19.25,0.288
beta,beta,True,19.5,0.2744
beta,beta,True,19.75,0.2636
beta,beta,True,20.0,0.2518
beta,beta,True,20.25,0.2414
beta,beta,True,20.5,0.2292
beta,beta,True,20.75,0.2196
beta,beta,True,21.0,0.2086
beta,beta,True,21.25,0.1936
beta,beta,True,21.5,0.1844
beta,beta,True,21.75,0.1736
beta,beta,True,22.0,0.1654
beta,beta,True,22.25,0.156
beta,beta,True,22.5,0.146
beta,beta,True,22.75,0.141
beta,beta,True,23.0,0.1342
beta,beta,True,23.25,0.128
beta,beta,True,23.5,0.1204
beta,beta,True,23.75,0.113
beta,beta,True,24.0,0.1056
beta,beta,True,24.25,0.0992
beta,beta,True,24.5,0.0932
beta,beta,True,24.75,0.0868
beta,beta,True,25.0,0.079
beta,beta,True,25.25,0.0734
beta,beta,True,25.5,0.0686
beta,beta,True,25.75,0.0638
beta,beta,True,26.0,0.059
beta,beta,True,26.25,0.0554
beta,beta,True,26.5,0.0512
beta,beta,True,26.75,0.0476
beta,beta,True,27.0,0.0434
beta,beta,True,27.25,0.041
beta,beta,True,27.5,0.0382
beta,beta,True,27.75,0.0356
beta,beta,True,28.0,0.0326
beta,beta,True,28.25,0.0284
beta,beta,True,28.5,0.026
beta,beta,True,28.75,0.0228
beta,beta,True,29.0,0.021
beta,beta,True,29.25,0.019
beta,beta,True,29.5,0.017
beta,beta,True,29.75,0.0138
beta,beta,True,30.0,0.0118
beta,beta,True,30.25,0.0108
beta,beta,True,30.5,0.0092
beta,beta,True,30.75,0.0082
beta,beta,True,31.0,0.0068
beta,beta,True,31.25,0.0058
beta,beta,True,31.5,0.005
beta,beta,True,31.75,0.0046
beta,beta,True,32.0,0.0038
beta,beta,True,32.25,0.0034
beta,beta,True,32.5,0.0032
beta,beta,True,32.75,0.0028
beta,beta,True,33.0,0.0026
beta,beta,True,33.25,0.0022
beta,beta,True,33.5,0.0018
beta,beta,True,33.75,0.0014
beta,beta,True,34.0,0.0012
beta,beta,True,34.25,0.001
beta,beta,True,34.5,0.001
beta,beta,True,34.75,0.001
beta,beta,True,35.0,0.0006
Xc,Xc,False,0.0,1.0
Xc,Xc,False,0.25,0.9836
Xc,Xc,False,0.5,0.9652
Xc,Xc,False,0.75,0.9446
Xc,Xc,False,1.0,0.9262
Xc,Xc,False,1.25,0.909
Xc,Xc,False,1.5,0.8922
Xc,Xc,False,1.75,0.8772
Xc,Xc,False,2.0,0.865
Xc,Xc,False,2.25,0.8518
Xc,Xc,False,2.5,0.8376
Xc,Xc,False,2.75,0.8242
Xc,Xc,False,3.0,0.8106
Xc,Xc,False,3.25,0.7972
Xc,Xc,False,3.5,0.7846
Xc,Xc,False,3.75,0.7722
Xc,Xc,False,4.0,0.7628
Xc,Xc,False,4.25,0.7498
Xc,Xc,False,4.5,0.7368
Xc,Xc,False,4.75,0.7258
Xc,Xc,False,5.0,0.7132
Xc,Xc,False,5.25,0.7024
Xc,Xc,False,5.5,0.6888
Xc,Xc,False,5.75,0.6798
Xc,Xc,False,6.0,0.6678
Xc,Xc,False,6.25,0.657
Xc,Xc,False,6.5,0.6454
Xc,Xc,False,6.75,0.6356
Xc,Xc,False,7.0,0.6266
Xc,Xc,False,7.25,0.6178
Xc,Xc,False,7.5,0.609
Xc,Xc,False,7.75,0.5984
Xc,Xc,False,8.0,0.5896
Xc,Xc,False,8.25,0.581
Xc,Xc,False,8.5,0.5726
Xc,Xc,False,8.75,0.5668
Xc,Xc,False,9.0,0.5564
Xc,Xc,False,9.25,0.5488
Xc,Xc,False,9.5,0.5408
Xc,Xc,False,9.75,0.5334
Xc,Xc,False,10.0,0.5256
Xc,Xc,False,10.25,0.5194
Xc,Xc,False,10.5,0.5118
Xc,Xc,False,10.75,0.5052
Xc,Xc,False,11.0,0.4976
Xc,Xc,False,11.25,0.4918
Xc,Xc,False,11.5,0.484
Xc,Xc,False,11.75,0.4736
Xc,Xc,False,12.0,0.465
Xc,Xc,False,12.25,0.4566
Xc,Xc,False,12.5,0.4478
Xc,Xc,False,12.75,0.4386
Xc,Xc,False,13.0,0.431
Xc,Xc,False,13.25,0.4242
Xc,Xc,False,13.5,0.4178
Xc,Xc,False,13.75,0.4106
Xc,Xc,False,14.0,0.4054
Xc,Xc,False,14.25,0.3994
Xc,Xc,False,14.5,0.3944
Xc,Xc,False,14.75,0.3876
Xc,Xc,False,15.0,0.383
Xc,Xc,False,15.25,0.377
Xc,Xc,False,15.5,0.3704
Xc,Xc,False,15.75,0.3642
Xc,Xc,False,16.0,0.3584
Xc,Xc,False,16.25,0.352
Xc,Xc,False,16.5,0.3484
Xc,Xc,False,16.75,0.3426
Xc,Xc,False,17.0,0.3342
Xc,Xc,False,17.25,0.3274
Xc,Xc,False,17.5,0.3204
Xc,Xc,False,17.75,0.3144
Xc,Xc,False,18.0,0.3094
Xc,Xc,False,18.25,0.305
Xc,Xc,False,18.5,0.2988
Xc,Xc,False,18.75,0.2942
Xc,Xc,False,19.0,0.29
Xc,Xc,False,19.25,0.2844
Xc,Xc,False,19.5,0.277
Xc,Xc,False,19.75,0.272
Xc,Xc,False,20.0,0.2656
Xc,Xc,False,20.25,0.262
Xc,Xc,False,20.5,0.2562
Xc,Xc,False,20.75,0.248
Xc,Xc,False,21.0,0.2436
Xc,Xc,False,21.25,0.2386
Xc,Xc,False,21.5,0.2334
Xc,Xc,False,21.75,0.228
Xc,Xc,False,22.0,0.2232
Xc,Xc,False,22.25,0.2188
Xc,Xc,False,22.5,0.2138
Xc,Xc,False,22.75,0.2118
Xc,Xc,False,23.0,0.208
Xc,Xc,False,23.25,0.2032
Xc,Xc,False,23.5,0.1986
Xc,Xc,False,23.75,0.1944
Xc,Xc,False,24.0,0.1916
Xc,Xc,False,24.25,0.1878
Xc,Xc,False,24.5,0.1846
Xc,Xc,False,24.75,0.1804
Xc,Xc,False,25.0,0.177
Xc,Xc,False,25.25,0.173
Xc,Xc,False,25.5,0.1692
Xc,Xc,False,25.75,0.1654
Xc,Xc,False,26.0,0.1608
Xc,Xc,False,26.25,0.156
Xc,Xc,False,26.5,0.1514
Xc,Xc,False,26.75,0.147
Xc,Xc,False,27.0,0.144
Xc,Xc,False,27.25,0.1404
Xc,Xc,False,27.5,0.1364
Xc,Xc,False,27.75,0.133
Xc,Xc,False,28.0,0.1302
Xc,Xc,False,28.25,0.1288
Xc,Xc,False,28.5,0.1262
Xc,Xc,False,28.75,0.1226
Xc,Xc,False,29.0,0.1196
Xc,Xc,False,29.25,0.1164
Xc,Xc,False,29.5,0.1126
Xc,Xc,False,29.75,0.1098
Xc,Xc,False,30.0,0.1068
Xc,Xc,False,30.25,0.1026
Xc,Xc,False,30.5,0.0994
Xc,Xc,False,30.75,0.0964
Xc,Xc,False,31.0,0.0938
Xc,Xc,False,31.25,0.0916
Xc,Xc,False,31.5,0.0896
Xc,Xc,False,31.75,0.0878
Xc,Xc,False,32.0,0.0854
Xc,Xc,False,32.25,0.0832
Xc,Xc,False,32.5,0.0814
Xc,Xc,False,32.75,0.0788
Xc,Xc,False,33.0,0.0756
Xc,Xc,False,33.25,0.0732
Xc,Xc,False,33.5,0.071
Xc,Xc,False,33.75,0.0692
Xc,Xc,False,34.0,0.0682
Xc,Xc,False,34.25,0.0666
Xc,Xc,False,34.5,0.064
Xc,Xc,False,34.75,0.0618
Xc,Xc,False,35.0,0.059
epsilon,epsilon,False,0.0,1.0
epsilon,epsilon,False,0.25,0.989
epsilon,epsilon,False,0.5,0.9736
epsilon,epsilon,False,0.75,0.9542
epsilon,epsilon,False,1.0,0.942
epsilon,epsilon,False,1.25,0.9254
epsilon,epsilon,False,1.5,0.9112
epsilon,epsilon,False,1.75,0.8954
epsilon,epsilon,False,2.0,0.883
epsilon,epsilon,False,2.25,0.869
epsilon,epsilon,False,2.5,0.8556
epsilon,epsilon,False,2.75,0.8404
epsilon,epsilon,False,3.0,0.8256
epsilon,epsilon,False,3.25,0.8076
epsilon,epsilon,False,3.5,0.7946
epsilon,epsilon,False,3.75,0.7794
epsilon,epsilon,False,4.0,0.7694
epsilon,epsilon,False,4.25,0.7546
epsilon,epsilon,False,4.5,0.7416
epsilon,epsilon,False,4.75,0.728
epsilon,epsilon,False,5.0,0.7164
epsilon,epsilon,False,5.25,0.7032
epsilon,epsilon,False,5.5,0.6926
epsilon,epsilon,False,5.75,0.6828
epsilon,epsilon,False,6.0,0.6704
epsilon,epsilon,False,6.25,0.6586
epsilon,epsilon,False,6.5,0.6444
epsilon,epsilon,False,6.75,0.6322
epsilon,epsilon,False,7.0,0.6218
epsilon,epsilon,False,7.25,0.6122
epsilon,epsilon,False,7.5,0.6038
epsilon,epsilon,False,7.75,0.5924
epsilon,epsilon,False,8.0,0.582
epsilon,epsilon,False,8.25,0.5746
epsilon,epsilon,False,8.5,0.5654
epsilon,epsilon,False,8.75,0.5546
epsilon,epsilon,False,9.0,0.5442
epsilon,epsilon,False,9.25,0.534
epsilon,epsilon,False,9.5,0.5254
epsilon,epsilon,False,9.75,0.5166
epsilon,epsilon,False,10.0,0.5066
epsilon,epsilon,False,10.25,0.4996
epsilon,epsilon,False,10.5,0.4924
epsilon,epsilon,False,10.75,0.4848
epsilon,epsilon,False,11.0,0.4778
epsilon,epsilon,False,11.25,0.4716
epsilon,epsilon,False,11.5,0.4618
epsilon,epsilon,False,11.75,0.4534
epsilon,epsilon,False,12.0,0.4454
epsilon,epsilon,False,12.25,0.4374
epsilon,epsilon,False,12.5,0.4314
epsilon,epsilon,False,12.75,0.4216
epsilon,epsilon,False,13.0,0.4144
epsilon,epsilon,False,13.25,0.4066
epsilon,epsilon,False,13.5,0.3982
epsilon,epsilon,False,13.75,0.3918
epsilon,epsilon,False,14.0,0.3836
epsilon,epsilon,False,14.25,0.379
epsilon,epsilon,False,14.5,0.3712
epsilon,epsilon,False,14.75,0.3642
epsilon,epsilon,False,15.0,0.3576
epsilon,epsilon,False,15.25,0.3494
epsilon,epsilon,False,15.5,0.3424
epsilon,epsilon,False,15.75,0.3368
epsilon,epsilon,False,16.0,0.3286
epsilon,epsilon,False,16.25,0.323
epsilon,epsilon,False,16.5,0.3188
epsilon,epsilon,False,16.75,0.3126
epsilon,epsilon,False,17.0,0.3048
epsilon,epsilon,False,17.25,0.298
epsilon,epsilon,False,17.5,0.2926
epsilon,epsilon,False,17.75,0.2884
epsilon,epsilon,False,18.0,0.2824
epsilon,epsilon,False,18.25,0.277
epsilon,epsilon,False,18.5,0.2732
epsilon,epsilon,False,18.75,0.2668
epsilon,epsilon,False,19.0,0.2602
epsilon,epsilon,False,19.25,0.2552
epsilon,epsilon,False,19.5,0.2518
epsilon,epsilon,False,19.75,0.2452
epsilon,epsilon,False,20.0,0.2416
epsilon,epsilon,False,20.25,0.237
epsilon,epsilon,False,20.5,0.2332
epsilon,epsilon,False,20.75,0.2272
epsilon,epsilon,False,21.0,0.2238
epsilon,epsilon,False,21.25,0.2192
epsilon,epsilon,False,21.5,0.2152
epsilon,epsilon,False,21.75,0.2116
epsilon,epsilon,False,22.0,0.208
epsilon,epsilon,False,22.25,0.2044
epsilon,epsilon,False,22.5,0.2008
epsilon,epsilon,False,22.75,0.1978
epsilon,epsilon,False,23.0,0.194
epsilon,epsilon,False,23.25,0.1888
epsilon,epsilon,False,23.5,0.1852
epsilon,epsilon,False,23.75,0.18
epsilon,epsilon,False,24.0,0.1758
epsilon,epsilon,False,24.25,0.1716
epsilon,epsilon,False,24.5,0.1674
epsilon,epsilon,False,24.75,0.1642
epsilon,epsilon,False,25.0,0.1612
epsilon,epsilon,False,25.25,0.1574
epsilon,epsilon,False,25.5,0.1538
epsilon,epsilon,False,25.75,0.1514
epsilon,epsilon,False,26.0,0.1472
epsilon,epsilon,False,26.25,0.1446
epsilon,epsilon,False,26.5,0.143
epsilon,epsilon,False,26.75,0.1396
epsilon,epsilon,False,27.0,0.1378
epsilon,epsilon,False,27.25,0.135
epsilon,epsilon,False,27.5,0.1326
epsilon,epsilon,False,27.75,0.1294
epsilon,epsilon,False,28.0,0.1266
epsilon,epsilon,False,28.25,0.1242
epsilon,epsilon,False,28.5,0.1218
epsilon,epsilon,False,28.75,0.1188
epsilon,epsilon,False,29.0,0.1168
epsilon,epsilon,False,29.25,0.1138
epsilon,epsilon,False,29.5,0.1106
epsilon,epsilon,False,29.75,0.1082
epsilon,epsilon,False,30.0,0.1048
epsilon,epsilon,False,30.25,0.1026
epsilon,epsilon,False,30.5,0.0992
epsilon,epsilon,False,30.75,0.0964
epsilon,epsilon,False,31.0,0.0934
epsilon,epsilon,False,31.25,0.0914
epsilon,epsilon,False,31.5,0.089
epsilon,epsilon,False,31.75,0.0868
epsilon,epsilon,False,32.0,0.0838
epsilon,epsilon,False,32.25,0.0814
epsilon,epsilon,False,32.5,0.08
epsilon,epsilon,False,32.75,0.0782
epsilon,epsilon,False,33.0,0.0768
epsilon,epsilon,False,33.25,0.0748
epsilon,epsilon,False,33.5,0.0728
epsilon,epsilon,False,33.75,0.0708
epsilon,epsilon,False,34.0,0.069
epsilon,epsilon,False,34.25,0.0672
epsilon,epsilon,False,34.5,0.0648
epsilon,epsilon,False,34.75,0.0634
epsilon,epsilon,False,35.0,0.0616
Xc+epsilon,Xc+epsilon,False,0.0,1.0
Xc+epsilon,Xc+epsilon,False,0.25,0.9874
Xc+epsilon,Xc+epsilon,False,0.5,0.9678
Xc+epsilon,Xc+epsilon,False,0.75,0.9512
Xc+epsilon,Xc+epsilon,False,1.0,0.9322
Xc+epsilon,Xc+epsilon,False,1.25,0.915
Xc+epsilon,Xc+epsilon,False,1.5,0.8998
Xc+epsilon,Xc+epsilon,False,1.75,0.8832
Xc+epsilon,Xc+epsilon,False,2.0,0.869
Xc+epsilon,Xc+epsilon,False,2.25,0.856
Xc+epsilon,Xc+epsilon,False,2.5,0.8452
Xc+epsilon,Xc+epsilon,False,2.75,0.8318
Xc+epsilon,Xc+epsilon,False,3.0,0.8178
Xc+epsilon,Xc+epsilon,False,3.25,0.8038
Xc+epsilon,Xc+epsilon,False,3.5,0.79
Xc+epsilon,Xc+epsilon,False,3.75,0.7802
Xc+epsilon,Xc+epsilon,False,4.0,0.7682
Xc+epsilon,Xc+epsilon,False,4.25,0.7548
Xc+epsilon,Xc+epsilon,False,4.5,0.7456
Xc+epsilon,Xc+epsilon,False,4.75,0.7344
Xc+epsilon,Xc+epsilon,False,5.0,0.7238
Xc+epsilon,Xc+epsilon,False,5.25,0.7108
Xc+epsilon,Xc+epsilon,False,5.5,0.7018
Xc+epsilon,Xc+epsilon,False,5.75,0.6926
Xc+epsilon,Xc+epsilon,False,6.0,0.6812
Xc+epsilon,Xc+epsilon,False,6.25,0.6722
Xc+epsilon,Xc+epsilon,False,6.5,0.6624
Xc+epsilon,Xc+epsilon,False,6.75,0.6534
Xc+epsilon,Xc+epsilon,False,7.0,0.643
Xc+epsilon,Xc+epsilon,False,7.25,0.6352
Xc+epsilon,Xc+epsilon,False,7.5,0.627
Xc+epsilon,Xc+epsilon,False,7.75,0.62
Xc+epsilon,Xc+epsilon,False,8.0,0.6106
Xc+epsilon,Xc+epsilon,False,8.25,0.6028
Xc+epsilon,Xc+epsilon,False,8.5,0.593
Xc+epsilon,Xc+epsilon,False,8.75,0.5854
Xc+epsilon,Xc+epsilon,False,9.0,0.5774
Xc+epsilon,Xc+epsilon,False,9.25,0.568
Xc+epsilon,Xc+epsilon,False,9.5,0.559
Xc+epsilon,Xc+epsilon,False,9.75,0.5514
Xc+epsilon,Xc+epsilon,False,10.0,0.5422
Xc+epsilon,Xc+epsilon,False,10.25,0.534
Xc+epsilon,Xc+epsilon,False,10.5,0.5264
Xc+epsilon,Xc+epsilon,False,10.75,0.521
Xc+epsilon,Xc+epsilon,False,11.0,0.5136
Xc+epsilon,Xc+epsilon,False,11.25,0.5054
Xc+epsilon,Xc+epsilon,False,11.5,0.4966
Xc+epsilon,Xc+epsilon,False,11.75,0.488
Xc+epsilon,Xc+epsilon,False,12.0,0.4804
Xc+epsilon,Xc+epsilon,False,12.25,0.4744
Xc+epsilon,Xc+epsilon,False,12.5,0.4686
Xc+epsilon,Xc+epsilon,False,12.75,0.4616
Xc+epsilon,Xc+epsilon,False,13.0,0.4538
Xc+epsilon,Xc+epsilon,False,13.25,0.447
Xc+epsilon,Xc+epsilon,False,13.5,0.4376
Xc+epsilon,Xc+epsilon,False,13.75,0.43
Xc+epsilon,Xc+epsilon,False,14.0,0.4228
Xc+epsilon,Xc+epsilon,False,14.25,0.4158
Xc+epsilon,Xc+epsilon,False,14.5,0.4104
Xc+epsilon,Xc+epsilon,False,14.75,0.4044
Xc+epsilon,Xc+epsilon,False,15.0,0.399
Xc+epsilon,Xc+epsilon,False,15.25,0.3936
Xc+epsilon,Xc+epsilon,False,15.5,0.388
Xc+epsilon,Xc+epsilon,False,15.75,0.3818
Xc+epsilon,Xc+epsilon,False,16.0,0.3754
Xc+epsilon,Xc+epsilon,False,16.25,0.37
Xc+epsilon,Xc+epsilon,False,16.5,0.3636
Xc+epsilon,Xc+epsilon,False,16.75,0.3576
Xc+epsilon,Xc+epsilon,False,17.0,0.3522
Xc+epsilon,Xc+epsilon,False,17.25,0.347
Xc+epsilon,Xc+epsilon,False,17.5,0.3396
Xc+epsilon,Xc+epsilon,False,17.75,0.3346
Xc+epsilon,Xc+epsilon,False,18.0,0.3296
Xc+epsilon,Xc+epsilon,False,18.25,0.3232
Xc+epsilon,Xc+epsilon,False,18.5,0.3156
Xc+epsilon,Xc+epsilon,False,18.75,0.3094
Xc+epsilon,Xc+epsilon,False,19.0,0.3046
Xc+epsilon,Xc+epsilon,False,19.25,0.2982
Xc+epsilon,Xc+epsilon,False,19.5,0.2942
Xc+epsilon,Xc+epsilon,False,19.75,0.288
Xc+epsilon,Xc+epsilon,False,20.0,0.2838
Xc+epsilon,Xc+epsilon,False,20.25,0.2794
Xc+epsilon,Xc+epsilon,False,20.5,0.275
Xc+epsilon,Xc+epsilon,False,20.75,0.2688
Xc+epsilon,Xc+epsilon,False,21.0,0.264
Xc+epsilon,Xc+epsilon,False,21.25,0.258
Xc+epsilon,Xc+epsilon,False,21.5,0.2528
Xc+epsilon,Xc+epsilon,False,21.75,0.2474
Xc+epsilon,Xc+epsilon,False,22.0,0.2418
Xc+epsilon,Xc+epsilon,False,22.25,0.2374
Xc+epsilon,Xc+epsilon,False,22.5,0.2316
Xc+epsilon,Xc+epsilon,False,22.75,0.2272
Xc+epsilon,Xc+epsilon,False,23.0,0.2232
Xc+epsilon,Xc+epsilon,False,23.25,0.218
Xc+epsilon,Xc+epsilon,False,23.5,0.212
Xc+epsilon,Xc+epsilon,False,23.75,0.2078
Xc+epsilon,Xc+epsilon,False,24.0,0.2042
Xc+epsilon,Xc+epsilon,False,24.25,0.2014
Xc+epsilon,Xc+epsilon,False,24.5,0.1972
Xc+epsilon,Xc+epsilon,False,24.75,0.1932
Xc+epsilon,Xc+epsilon,False,25.0,0.189
Xc+epsilon,Xc+epsilon,False,25.25,0.1852
Xc+epsilon,Xc+epsilon,False,25.5,0.1816
Xc+epsilon,Xc+epsilon,False,25.75,0.178
Xc+epsilon,Xc+epsilon,False,26.0,0.1746
Xc+epsilon,Xc+epsilon,False,26.25,0.1702
Xc+epsilon,Xc+epsilon,False,26.5,0.1668
Xc+epsilon,Xc+epsilon,False,26.75,0.1642
Xc+epsilon,Xc+epsilon,False,27.0,0.1602
Xc+epsilon,Xc+epsilon,False,27.25,0.1576
Xc+epsilon,Xc+epsilon,False,27.5,0.1548
Xc+epsilon,Xc+epsilon,False,27.75,0.152
Xc+epsilon,Xc+epsilon,False,28.0,0.1484
Xc+epsilon,Xc+epsilon,False,28.25,0.1448
Xc+epsilon,Xc+epsilon,False,28.5,0.1418
Xc+epsilon,Xc+epsilon,False,28.75,0.1398
Xc+epsilon,Xc+epsilon,False,29.0,0.1362
Xc+epsilon,Xc+epsilon,False,29.25,0.132
Xc+epsilon,Xc+epsilon,False,29.5,0.13
Xc+epsilon,Xc+epsilon,False,29.75,0.1278
Xc+epsilon,Xc+epsilon,False,30.0,0.125
Xc+epsilon,Xc+epsilon,False,30.25,0.1214
Xc+epsilon,Xc+epsilon,False,30.5,0.1178
Xc+epsilon,Xc+epsilon,False,30.75,0.1136
Xc+epsilon,Xc+epsilon,False,31.0,0.1108
Xc+epsilon,Xc+epsilon,False,31.25,0.109
Xc+epsilon,Xc+epsilon,False,31.5,0.1054
Xc+epsilon,Xc+epsilon,False,31.75,0.103
Xc+epsilon,Xc+epsilon,False,32.0,0.101
Xc+epsilon,Xc+epsilon,False,32.25,0.0988
Xc+epsilon,Xc+epsilon,False,32.5,0.0954
Xc+epsilon,Xc+epsilon,False,32.75,0.094
Xc+epsilon,Xc+epsilon,False,33.0,0.0924
Xc+epsilon,Xc+epsilon,False,33.25,0.0906
Xc+epsilon,Xc+epsilon,False,33.5,0.089
Xc+epsilon,Xc+epsilon,False,33.75,0.086
Xc+epsilon,Xc+epsilon,False,34.0,0.0846
Xc+epsilon,Xc+epsilon,False,34.25,0.0824
Xc+epsilon,Xc+epsilon,False,34.5,0.0806
Xc+epsilon,Xc+epsilon,False,34.75,0.0792
Xc+epsilon,Xc+epsilon,False,35.0,0.0766
eta+Xc,eta+Xc,True,0.0,1.0
eta+Xc,eta+Xc,True,0.25,0.9974
eta+Xc,eta+Xc,True,0.5,0.9908
eta+Xc,eta+Xc,True,0.75,0.9852
eta+Xc,eta+Xc,True,1.0,0.981
eta+Xc,eta+Xc,True,1.25,0.9768
eta+Xc,eta+Xc,True,1.5,0.973
eta+Xc,eta+Xc,True,1.75,0.9684
eta+Xc,eta+Xc,True,2.0,0.9642
eta+Xc,eta+Xc,True,2.25,0.9598
eta+Xc,eta+Xc,True,2.5,0.9546
eta+Xc,eta+Xc,True,2.75,0.9502
eta+Xc,eta+Xc,True,3.0,0.9438
eta+Xc,eta+Xc,True,3.25,0.9382
eta+Xc,eta+Xc,True,3.5,0.9316
eta+Xc,eta+Xc,True,3.75,0.9244
eta+Xc,eta+Xc,True,4.0,0.9196
eta+Xc,eta+Xc,True,4.25,0.9144
eta+Xc,eta+Xc,True,4.5,0.9094
eta+Xc,eta+Xc,True,4.75,0.9044
eta+Xc,eta+Xc,True,5.0,0.8974
eta+Xc,eta+Xc,True,5.25,0.8902
eta+Xc,eta+Xc,True,5.5,0.8812
eta+Xc,eta+Xc,True,5.75,0.8758
eta+Xc,eta+Xc,True,6.0,0.8668
eta+Xc,eta+Xc,True,6.25,0.86
eta+Xc,eta+Xc,True,6.5,0.8526
eta+Xc,eta+Xc,True,6.75,0.8474
eta+Xc,eta+Xc,True,7.0,0.8406
eta+Xc,eta+Xc,True,7.25,0.8322
eta+Xc,eta+Xc,True,7.5,0.8246
eta+Xc,eta+Xc,True,7.75,0.8138
eta+Xc,eta+Xc,True,8.0,0.8026
eta+Xc,eta+Xc,True,8.25,0.7926
eta+Xc,eta+Xc,True,8.5,0.7842
eta+Xc,eta+Xc,True,8.75,0.7742
eta+Xc,eta+Xc,True,9.0,0.7656
eta+Xc,eta+Xc,True,9.25,0.753
eta+Xc,eta+Xc,True,9.5,0.7442
eta+Xc,eta+Xc,True,9.75,0.7328
eta+Xc,eta+Xc,True,10.0,0.7202
eta+Xc,eta+Xc,True,10.25,0.7108
eta+Xc,eta+Xc,True,10.5,0.701
eta+Xc,eta+Xc,True,10.75,0.689
eta+Xc,eta+Xc,True,11.0,0.6766
eta+Xc,eta+Xc,True,11.25,0.663
eta+Xc,eta+Xc,True,11.5,0.6496
eta+Xc,eta+Xc,True,11.75,0.6374
eta+Xc,eta+Xc,True,12.0,0.622
eta+Xc,eta+Xc,True,12.25,0.6074
eta+Xc,eta+Xc,True,12.5,0.5956
eta+Xc,eta+Xc,True,12.75,0.5846
eta+Xc,eta+Xc,True,13.0,0.5706
eta+Xc,eta+Xc,True,13.25,0.555
eta+Xc,eta+Xc,True,13.5,0.5408
eta+Xc,eta+Xc,True,13.75,0.524
eta+Xc,eta+Xc,True,14.0,0.5108
eta+Xc,eta+Xc,True,14.25,0.4942
eta+Xc,eta+Xc,True,14.5,0.478
eta+Xc,eta+Xc,True,14.75,0.4622
eta+Xc,eta+Xc,True,15.0,0.449
eta+Xc,eta+Xc,True,15.25,0.4328
eta+Xc,eta+Xc,True,15.5,0.4138
eta+Xc,eta+Xc,True,15.75,0.399
eta+Xc,eta+Xc,True,16.0,0.3838
eta+Xc,eta+Xc,True,16.25,0.3684
eta+Xc,eta+Xc,True,16.5,0.3548
eta+Xc,eta+Xc,True,16.75,0.3414
eta+Xc,eta+Xc,True,17.0,0.3234
eta+Xc,eta+Xc,True,17.25,0.3098
eta+Xc,eta+Xc,True,17.5,0.2956
eta+Xc,eta+Xc,True,17.75,0.2814
eta+Xc,eta+Xc,True,18.0,0.2648
eta+Xc,eta+Xc,True,18.25,0.2526
eta+Xc,eta+Xc,True,18.5,0.238
eta+Xc,eta+Xc,True,18.75,0.2224
eta+Xc,eta+Xc,True,19.0,0.209
eta+Xc,eta+Xc,True,19.25,0.1984
eta+Xc,eta+Xc,True,19.5,0.1888
eta+Xc,eta+Xc,True,19.75,0.1772
eta+Xc,eta+Xc,True,20.0,0.1646
eta+Xc,eta+Xc,True,20.25,0.1528
eta+Xc,eta+Xc,True,20.5,0.1422
eta+Xc,eta+Xc,True,20.75,0.1346
eta+Xc,eta+Xc,True,21.0,0.123
eta+Xc,eta+Xc,True,21.25,0.114
eta+Xc,eta+Xc,True,21.5,0.104
eta+Xc,eta+Xc,True,21.75,0.0954
eta+Xc,eta+Xc,True,22.0,0.0838
eta+Xc,eta+Xc,True,22.25,0.0778
eta+Xc,eta+Xc,True,22.5,0.0698
eta+Xc,eta+Xc,True,22.75,0.0638
eta+Xc,eta+Xc,True,23.0,0.057
eta+Xc,eta+Xc,True,23.25,0.0518
eta+Xc,eta+Xc,True,23.5,0.0456
eta+Xc,eta+Xc,True,23.75,0.04
eta+Xc,eta+Xc,True,24.0,0.0366
eta+Xc,eta+Xc,True,24.25,0.0316
eta+Xc,eta+Xc,True,24.5,0.0272
eta+Xc,eta+Xc,True,24.75,0.0238
eta+Xc,eta+Xc,True,25.0,0.0198
eta+Xc,eta+Xc,True,25.25,0.016
eta+Xc,eta+Xc,True,25.5,0.0136
eta+Xc,eta+Xc,True,25.75,0.0122
eta+Xc,eta+Xc,True,26.0,0.0104
eta+Xc,eta+Xc,True,26.25,0.0088
eta+Xc,eta+Xc,True,26.5,0.0074
eta+Xc,eta+Xc,True,26.75,0.0052
eta+Xc,eta+Xc,True,27.0,0.004
eta+Xc,eta+Xc,True,27.25,0.0034
eta+Xc,eta+Xc,True,27.5,0.0026
eta+Xc,eta+Xc,True,27.75,0.0022
eta+Xc,eta+Xc,True,28.0,0.002
eta+Xc,eta+Xc,True,28.25,0.0018
eta+Xc,eta+Xc,True,28.5,0.0012
eta+Xc,eta+Xc,True,28.75,0.001
eta+Xc,eta+Xc,True,29.0,0.0008
eta+Xc,eta+Xc,True,29.25,0.0006
eta+Xc,eta+Xc,True,29.5,0.0006
eta+Xc,eta+Xc,True,29.75,0.0004
eta+Xc,eta+Xc,True,30.0,0.0004
eta+Xc,eta+Xc,True,30.25,0.0004
eta+Xc,eta+Xc,True,30.5,0.0002
eta+Xc,eta+Xc,True,30.75,0.0
eta+Xc,eta+Xc,True,31.0,0.0
eta+Xc,eta+Xc,True,31.25,0.0
eta+Xc,eta+Xc,True,31.5,0.0
eta+Xc,eta+Xc,True,31.75,0.0
eta+Xc,eta+Xc,True,32.0,0.0
eta+Xc,eta+Xc,True,32.25,0.0
eta+Xc,eta+Xc,True,32.5,0.0
eta+Xc,eta+Xc,True,32.75,0.0
eta+Xc,eta+Xc,True,33.0,0.0
eta+Xc,eta+Xc,True,33.25,0.0
eta+Xc,eta+Xc,True,33.5,0.0
eta+Xc,eta+Xc,True,33.75,0.0
eta+Xc,eta+Xc,True,34.0,0.0
eta+Xc,eta+Xc,True,34.25,0.0
eta+Xc,eta+Xc,True,34.5,0.0
eta+Xc,eta+Xc,True,34.75,0.0
eta+Xc,eta+Xc,True,35.0,0.0
eta+epsilon,eta+epsilon,True,0.0,1.0
eta+epsilon,eta+epsilon,True,0.25,0.9998
eta+epsilon,eta+epsilon,True,0.5,0.9994
eta+epsilon,eta+epsilon,True,0.75,0.999
eta+epsilon,eta+epsilon,True,1.0,0.998
eta+epsilon,eta+epsilon,True,1.25,0.9968
eta+epsilon,eta+epsilon,True,1.5,0.9956
eta+epsilon,eta+epsilon,True,1.75,0.994
eta+epsilon,eta+epsilon,True,2.0,0.993
eta+epsilon,eta+epsilon,True,2.25,0.9908
eta+epsilon,eta+epsilon,True,2.5,0.9886
eta+epsilon,eta+epsilon,True,2.75,0.9868
eta+epsilon,eta+epsilon,True,3.0,0.985
eta+epsilon,eta+epsilon,True,3.25,0.9826
eta+epsilon,eta+epsilon,True,3.5,0.98
eta+epsilon,eta+epsilon,True,3.75,0.978
eta+epsilon,eta+epsilon,True,4.0,0.9766
eta+epsilon,eta+epsilon,True,4.25,0.975
eta+epsilon,eta+epsilon,True,4.5,0.9708
eta+epsilon,eta+epsilon,True,4.75,0.9688
eta+epsilon,eta+epsilon,True,5.0,0.9654
eta+epsilon,eta+epsilon,True,5.25,0.9638
eta+epsilon,eta+epsilon,True,5.5,0.9606
eta+epsilon,eta+epsilon,True,5.75,0.958
eta+epsilon,eta+epsilon,True,6.0,0.9538
eta+epsilon,eta+epsilon,True,6.25,0.9502
eta+epsilon,eta+epsilon,True,6.5,0.9464
eta+epsilon,eta+epsilon,True,6.75,0.942
eta+epsilon,eta+epsilon,True,7.0,0.9374
eta+epsilon,eta+epsilon,True,7.25,0.9328
eta+epsilon,eta+epsilon,True,7.5,0.9272
eta+epsilon,eta+epsilon,True,7.75,0.9216
eta+epsilon,eta+epsilon,True,8.0,0.9146
eta+epsilon,eta+epsilon,True,8.25,0.9084
eta+epsilon,eta+epsilon,True,8.5,0.9014
eta+epsilon,eta+epsilon,True,8.75,0.8936
eta+epsilon,eta+epsilon,True,9.0,0.8846
eta+epsilon,eta+epsilon,True,9.25,0.8742
eta+epsilon,eta+epsilon,True,9.5,0.8652
eta+epsilon,eta+epsilon,True,9.75,0.8562
eta+epsilon,eta+epsilon,True,10.0,0.8434
eta+epsilon,eta+epsilon,True,10.25,0.8312
eta+epsilon,eta+epsilon,True,10.5,0.8196
eta+epsilon,eta+epsilon,True,10.75,0.8058
eta+epsilon,eta+epsilon,True,11.0,0.7954
eta+epsilon,eta+epsilon,True,11.25,0.779
eta+epsilon,eta+epsilon,True,11.5,0.7638
eta+epsilon,eta+epsilon,True,11.75,0.7514
eta+epsilon,eta+epsilon,True,12.0,0.7348
eta+epsilon,eta+epsilon,True,12.25,0.7186
eta+epsilon,eta+epsilon,True,12.5,0.7012
eta+epsilon,eta+epsilon,True,12.75,0.6822
eta+epsilon,eta+epsilon,True,13.0,0.662
eta+epsilon,eta+epsilon,True,13.25,0.6458
eta+epsilon,eta+epsilon,True,13.5,0.6278
eta+epsilon,eta+epsilon,True,13.75,0.6106
eta+epsilon,eta+epsilon,True,14.0,0.5876
eta+epsilon,eta+epsilon,True,14.25,0.5658
eta+epsilon,eta+epsilon,True,14.5,0.5454
eta+epsilon,eta+epsilon,True,14.75,0.5198
eta+epsilon,eta+epsilon,True,15.0,0.4994
eta+epsilon,eta+epsilon,True,15.25,0.4788
eta+epsilon,eta+epsilon,True,15.5,0.4552
eta+epsilon,eta+epsilon,True,15.75,0.4308
eta+epsilon,eta+epsilon,True,16.0,0.4082
eta+epsilon,eta+epsilon,True,16.25,0.383
eta+epsilon,eta+epsilon,True,16.5,0.3572
eta+epsilon,eta+epsilon,True,16.75,0.3346
eta+epsilon,eta+epsilon,True,17.0,0.3154
eta+epsilon,eta+epsilon,True,17.25,0.2948
eta+epsilon,eta+epsilon,True,17.5,0.2756
eta+epsilon,eta+epsilon,True,17.75,0.2514
eta+epsilon,eta+epsilon,True,18.0,0.2322
eta+epsilon,eta+epsilon,True,18.25,0.2122
eta+epsilon,eta+epsilon,True,18.5,0.1916
eta+epsilon,eta+epsilon,True,18.75,0.171
eta+epsilon,eta+epsilon,True,19.0,0.154
eta+epsilon,eta+epsilon,True,19.25,0.1398
eta+epsilon,eta+epsilon,True,19.5,0.122
eta+epsilon,eta+epsilon,True,19.75,0.107
eta+epsilon,eta+epsilon,True,20.0,0.0932
eta+epsilon,eta+epsilon,True,20.25,0.0814
eta+epsilon,eta+epsilon,True,20.5,0.0748
eta+epsilon,eta+epsilon,True,20.75,0.064
eta+epsilon,eta+epsilon,True,21.0,0.0544
eta+epsilon,eta+epsilon,True,21.25,0.0492
eta+epsilon,eta+epsilon,True,21.5,0.0424
eta+epsilon,eta+epsilon,True,21.75,0.035
eta+epsilon,eta+epsilon,True,22.0,0.0272
eta+epsilon,eta+epsilon,True,22.25,0.022
eta+epsilon,eta+epsilon,True,22.5,0.0178
eta+epsilon,eta+epsilon,True,22.75,0.0154
eta+epsilon,eta+epsilon,True,23.0,0.012
eta+epsilon,eta+epsilon,True,23.25,0.0092
eta+epsilon,eta+epsilon,True,23.5,0.0058
eta+epsilon,eta+epsilon,True,23.75,0.0048
eta+epsilon,eta+epsilon,True,24.0,0.004
eta+epsilon,eta+epsilon,True,24.25,0.0026
eta+epsilon,eta+epsilon,True,24.5,0.002
eta+epsilon,eta+epsilon,True,24.75,0.0014
eta+epsilon,eta+epsilon,True,25.0,0.0012
eta+epsilon,eta+epsilon,True,25.25,0.0006
eta+epsilon,eta+epsilon,True,25.5,0.0006
eta+epsilon,eta+epsilon,True,25.75,0.0006
eta+epsilon,eta+epsilon,True,26.0,0.0004
eta+epsilon,eta+epsilon,True,26.25,0.0004
eta+epsilon,eta+epsilon,True,26.5,0.0002
eta+epsilon,eta+epsilon,True,26.75,0.0002
eta+epsilon,eta+epsilon,True,27.0,0.0002
eta+epsilon,eta+epsilon,True,27.25,0.0
eta+epsilon,eta+epsilon,True,27.5,0.0
eta+epsilon,eta+epsilon,True,27.75,0.0
eta+epsilon,eta+epsilon,True,28.0,0.0
eta+epsilon,eta+epsilon,True,28.25,0.0
eta+epsilon,eta+epsilon,True,28.5,0.0
eta+epsilon,eta+epsilon,True,28.75,0.0
eta+epsilon,eta+epsilon,True,29.0,0.0
eta+epsilon,eta+epsilon,True,29.25,0.0
eta+epsilon,eta+epsilon,True,29.5,0.0
eta+epsilon,eta+epsilon,True,29.75,0.0
eta+epsilon,eta+epsilon,True,30.0,0.0
eta+epsilon,eta+epsilon,True,30.25,0.0
eta+epsilon,eta+epsilon,True,30.5,0.0
eta+epsilon,eta+epsilon,True,30.75,0.0
eta+epsilon,eta+epsilon,True,31.0,0.0
eta+epsilon,eta+epsilon,True,31.25,0.0
eta+epsilon,eta+epsilon,True,31.5,0.0
eta+epsilon,eta+epsilon,True,31.75,0.0
eta+epsilon,eta+epsilon,True,32.0,0.0
eta+epsilon,eta+epsilon,True,32.25,0.0
eta+epsilon,eta+epsilon,True,32.5,0.0
eta+epsilon,eta+epsilon,True,32.75,0.0
eta+epsilon,eta+epsilon,True,33.0,0.0
eta+epsilon,eta+epsilon,True,33.25,0.0
eta+epsilon,eta+epsilon,True,33.5,0.0
eta+epsilon,eta+epsilon,True,33.75,0.0
eta+epsilon,eta+epsilon,True,34.0,0.0
eta+epsilon,eta+epsilon,True,34.25,0.0
eta+epsilon,eta+epsilon,True,34.5,0.0
eta+epsilon,eta+epsilon,True,34.75,0.0
eta+epsilon,eta+epsilon,True,35.0,0.0
beta+Xc,beta+Xc,True,0.0,1.0
beta+Xc,beta+Xc,True,0.25,1.0
beta+Xc,beta+Xc,True,0.5,0.9998
beta+Xc,beta+Xc,True,0.75,0.9994
beta+Xc,beta+Xc,True,1.0,0.9984
beta+Xc,beta+Xc,True,1.25,0.9974
beta+Xc,beta+Xc,True,1.5,0.9954
beta+Xc,beta+Xc,True,1.75,0.9922
beta+Xc,beta+Xc,True,2.0,0.9902
beta+Xc,beta+Xc,True,2.25,0.9886
beta+Xc,beta+Xc,True,2.5,0.9856
beta+Xc,beta+Xc,True,2.75,0.9828
beta+Xc,beta+Xc,True,3.0,0.9794
beta+Xc,beta+Xc,True,3.25,0.9754
beta+Xc,beta+Xc,True,3.5,0.972
beta+Xc,beta+Xc,True,3.75,0.9668
beta+Xc,beta+Xc,True,4.0,0.9608
beta+Xc,beta+Xc,True,4.25,0.9562
beta+Xc,beta+Xc,True,4.5,0.9512
beta+Xc,beta+Xc,True,4.75,0.9474
beta+Xc,beta+Xc,True,5.0,0.9422
beta+Xc,beta+Xc,True,5.25,0.937
beta+Xc,beta+Xc,True,5.5,0.9302
beta+Xc,beta+Xc,True,5.75,0.9216
beta+Xc,beta+Xc,True,6.0,0.9134
beta+Xc,beta+Xc,True,6.25,0.9064
beta+Xc,beta+Xc,True,6.5,0.9004
beta+Xc,beta+Xc,True,6.75,0.8944
beta+Xc,beta+Xc,True,7.0,0.8856
beta+Xc,beta+Xc,True,7.25,0.8764
beta+Xc,beta+Xc,True,7.5,0.8702
beta+Xc,beta+Xc,True,7.75,0.8622
beta+Xc,beta+Xc,True,8.0,0.8528
beta+Xc,beta+Xc,True,8.25,0.8424
beta+Xc,beta+Xc,True,8.5,0.8332
beta+Xc,beta+Xc,True,8.75,0.8246
beta+Xc,beta+Xc,True,9.0,0.8144
beta+Xc,beta+Xc,True,9.25,0.8038
beta+Xc,beta+Xc,True,9.5,0.7942
beta+Xc,beta+Xc,True,9.75,0.7816
beta+Xc,beta+Xc,True,10.0,0.7704
beta+Xc,beta+Xc,True,10.25,0.757
beta+Xc,beta+Xc,True,10.5,0.745
beta+Xc,beta+Xc,True,10.75,0.7338
beta+Xc,beta+Xc,True,11.0,0.7208
beta+Xc,beta+Xc,True,11.25,0.7078
beta+Xc,beta+Xc,True,11.5,0.6942
beta+Xc,beta+Xc,True,11.75,0.6816
beta+Xc,beta+Xc,True,12.0,0.6704
beta+Xc,beta+Xc,True,12.25,0.6578
beta+Xc,beta+Xc,True,12.5,0.6456
beta+Xc,beta+Xc,True,12.75,0.6326
beta+Xc,beta+Xc,True,13.0,0.621
beta+Xc,beta+Xc,True,13.25,0.6078
beta+Xc,beta+Xc,True,13.5,0.594
beta+Xc,beta+Xc,True,13.75,0.5788
beta+Xc,beta+Xc,True,14.0,0.5628
beta+Xc,beta+Xc,True,14.25,0.55
beta+Xc,beta+Xc,True,14.5,0.5364
beta+Xc,beta+Xc,True,14.75,0.5212
beta+Xc,beta+Xc,True,15.0,0.5052
beta+Xc,beta+Xc,True,15.25,0.4906
beta+Xc,beta+Xc,True,15.5,0.4778
beta+Xc,beta+Xc,True,15.75,0.4622
beta+Xc,beta+Xc,True,16.0,0.4462
beta+Xc,beta+Xc,True,16.25,0.4282
beta+Xc,beta+Xc,True,16.5,0.413
beta+Xc,beta+Xc,True,16.75,0.399
beta+Xc,beta+Xc,True,17.0,0.3852
beta+Xc,beta+Xc,True,17.25,0.3674
beta+Xc,beta+Xc,True,17.5,0.3524
beta+Xc,beta+Xc,True,17.75,0.336
beta+Xc,beta+Xc,True,18.0,0.3228
beta+Xc,beta+Xc,True,18.25,0.3098
beta+Xc,beta+Xc,True,18.5,0.2942
beta+Xc,beta+Xc,True,18.75,0.279
beta+Xc,beta+Xc,True,19.0,0.2674
beta+Xc,beta+Xc,True,19.25,0.2552
beta+Xc,beta+Xc,True,19.5,0.2426
beta+Xc,beta+Xc,True,19.75,0.229
beta+Xc,beta+Xc,True,20.0,0.2146
beta+Xc,beta+Xc,True,20.25,0.2036
beta+Xc,beta+Xc,True,20.5,0.194
beta+Xc,beta+Xc,True,20.75,0.184
beta+Xc,beta+Xc,True,21.0,0.1736
beta+Xc,beta+Xc,True,21.25,0.1632
beta+Xc,beta+Xc,True,21.5,0.1514
beta+Xc,beta+Xc,True,21.75,0.142
beta+Xc,beta+Xc,True,22.0,0.1318
beta+Xc,beta+Xc,True,22.25,0.1256
beta+Xc,beta+Xc,True,22.5,0.1166
beta+Xc,beta+Xc,True,22.75,0.1082
beta+Xc,beta+Xc,True,23.0,0.1014
beta+Xc,beta+Xc,True,23.25,0.0952
beta+Xc,beta+Xc,True,23.5,0.0868
beta+Xc,beta+Xc,True,23.75,0.0794
beta+Xc,beta+Xc,True,24.0,0.0732
beta+Xc,beta+Xc,True,24.25,0.0672
beta+Xc,beta+Xc,True,24.5,0.061
beta+Xc,beta+Xc,True,24.75,0.0554
beta+Xc,beta+Xc,True,25.0,0.0496
beta+Xc,beta+Xc,True,25.25,0.0438
beta+Xc,beta+Xc,True,25.5,0.0406
beta+Xc,beta+Xc,True,25.75,0.0358
beta+Xc,beta+Xc,True,26.0,0.0324
beta+Xc,beta+Xc,True,26.25,0.0294
beta+Xc,beta+Xc,True,26.5,0.0268
beta+Xc,beta+Xc,True,26.75,0.023
beta+Xc,beta+Xc,True,27.0,0.0196
beta+Xc,beta+Xc,True,27.25,0.0176
beta+Xc,beta+Xc,True,27.5,0.015
beta+Xc,beta+Xc,True,27.75,0.013
beta+Xc,beta+Xc,True,28.0,0.0112
beta+Xc,beta+Xc,True,28.25,0.0098
beta+Xc,beta+Xc,True,28.5,0.0084
beta+Xc,beta+Xc,True,28.75,0.007
beta+Xc,beta+Xc,True,29.0,0.0056
beta+Xc,beta+Xc,True,29.25,0.0048
beta+Xc,beta+Xc,True,29.5,0.0044
beta+Xc,beta+Xc,True,29.75,0.004
beta+Xc,beta+Xc,True,30.0,0.0032
beta+Xc,beta+Xc,True,30.25,0.003
beta+Xc,beta+Xc,True,30.5,0.0026
beta+Xc,beta+Xc,True,30.75,0.0024
beta+Xc,beta+Xc,True,31.0,0.0016
beta+Xc,beta+Xc,True,31.25,0.0014
beta+Xc,beta+Xc,True,31.5,0.001
beta+Xc,beta+Xc,True,31.75,0.001
beta+Xc,beta+Xc,True,32.0,0.001
beta+Xc,beta+Xc,True,32.25,0.0006
beta+Xc,beta+Xc,True,32.5,0.0004
beta+Xc,beta+Xc,True,32.75,0.0002
beta+Xc,beta+Xc,True,33.0,0.0002
beta+Xc,beta+Xc,True,33.25,0.0002
beta+Xc,beta+Xc,True,33.5,0.0
beta+Xc,beta+Xc,True,33.75,0.0
beta+Xc,beta+Xc,True,34.0,0.0
beta+Xc,beta+Xc,True,34.25,0.0
beta+Xc,beta+Xc,True,34.5,0.0
beta+Xc,beta+Xc,True,34.75,0.0
beta+Xc,beta+Xc,True,35.0,0.0
beta+epsilon,beta+epsilon,True,0.0,1.0
beta+epsilon,beta+epsilon,True,0.25,1.0
beta+epsilon,beta+epsilon,True,0.5,1.0
beta+epsilon,beta+epsilon,True,0.75,1.0
beta+epsilon,beta+epsilon,True,1.0,1.0
beta+epsilon,beta+epsilon,True,1.25,0.9998
beta+epsilon,beta+epsilon,True,1.5,0.9994
beta+epsilon,beta+epsilon,True,1.75,0.999
beta+epsilon,beta+epsilon,True,2.0,0.9988
beta+epsilon,beta+epsilon,True,2.25,0.9984
beta+epsilon,beta+epsilon,True,2.5,0.9978
beta+epsilon,beta+epsilon,True,2.75,0.9974
beta+epsilon,beta+epsilon,True,3.0,0.996
beta+epsilon,beta+epsilon,True,3.25,0.9948
beta+epsilon,beta+epsilon,True,3.5,0.9936
beta+epsilon,beta+epsilon,True,3.75,0.9928
beta+epsilon,beta+epsilon,True,4.0,0.991
beta+epsilon,beta+epsilon,True,4.25,0.9896
beta+epsilon,beta+epsilon,True,4.5,0.9888
beta+epsilon,beta+epsilon,True,4.75,0.987
beta+epsilon,beta+epsilon,True,5.0,0.9854
beta+epsilon,beta+epsilon,True,5.25,0.9844
beta+epsilon,beta+epsilon,True,5.5,0.9822
beta+epsilon,beta+epsilon,True,5.75,0.9786
beta+epsilon,beta+epsilon,True,6.0,0.9766
beta+epsilon,beta+epsilon,True,6.25,0.9746
beta+epsilon,beta+epsilon,True,6.5,0.9708
beta+epsilon,beta+epsilon,True,6.75,0.9674
beta+epsilon,beta+epsilon,True,7.0,0.9638
beta+epsilon,beta+epsilon,True,7.25,0.9592
beta+epsilon,beta+epsilon,True,7.5,0.9534
beta+epsilon,beta+epsilon,True,7.75,0.9464
beta+epsilon,beta+epsilon,True,8.0,0.9392
beta+epsilon,beta+epsilon,True,8.25,0.9318
beta+epsilon,beta+epsilon,True,8.5,0.9234
beta+epsilon,beta+epsilon,True,8.75,0.9142
beta+epsilon,beta+epsilon,True,9.0,0.9054
beta+epsilon,beta+epsilon,True,9.25,0.8954
beta+epsilon,beta+epsilon,True,9.5,0.8862
beta+epsilon,beta+epsilon,True,9.75,0.871
beta+epsilon,beta+epsilon,True,10.0,0.86
beta+epsilon,beta+epsilon,True,10.25,0.8496
beta+epsilon,beta+epsilon,True,10.5,0.8352
beta+epsilon,beta+epsilon,True,10.75,0.8202
beta+epsilon,beta+epsilon,True,11.0,0.8034
beta+epsilon,beta+epsilon,True,11.25,0.7862
beta+epsilon,beta+epsilon,True,11.5,0.7656
beta+epsilon,beta+epsilon,True,11.75,0.749
beta+epsilon,beta+epsilon,True,12.0,0.729
beta+epsilon,beta+epsilon,True,12.25,0.709
beta+epsilon,beta+epsilon,True,12.5,0.6886
beta+epsilon,beta+epsilon,True,12.75,0.6648
beta+epsilon,beta+epsilon,True,13.0,0.6422
beta+epsilon,beta+epsilon,True,13.25,0.6196
beta+epsilon,beta+epsilon,True,13.5,0.593
beta+epsilon,beta+epsilon,True,13.75,0.564
beta+epsilon,beta+epsilon,True,14.0,0.5382
beta+epsilon,beta+epsilon,True,14.25,0.5124
beta+epsilon,beta+epsilon,True,14.5,0.4848
beta+epsilon,beta+epsilon,True,14.75,0.4588
beta+epsilon,beta+epsilon,True,15.0,0.4294
beta+epsilon,beta+epsilon,True,15.25,0.4034
beta+epsilon,beta+epsilon,True,15.5,0.3774
beta+epsilon,beta+epsilon,True,15.75,0.3532
beta+epsilon,beta+epsilon,True,16.0,0.3274
beta+epsilon,beta+epsilon,True,16.25,0.303
beta+epsilon,beta+epsilon,True,16.5,0.2784
beta+epsilon,beta+epsilon,True,16.75,0.256
beta+epsilon,beta+epsilon,True,17.0,0.2316
beta+epsilon,beta+epsilon,True,17.25,0.2128
beta+epsilon,beta+epsilon,True,17.5,0.1948
beta+epsilon,beta+epsilon,True,17.75,0.1736
beta+epsilon,beta+epsilon,True,18.0,0.1532
beta+epsilon,beta+epsilon,True,18.25,0.137
beta+epsilon,beta+epsilon,True,18.5,0.121
beta+epsilon,beta+epsilon,True,18.75,0.1088
beta+epsilon,beta+epsilon,True,19.0,0.0934
beta+epsilon,beta+epsilon,True,19.25,0.0796
beta+epsilon,beta+epsilon,True,19.5,0.0708
beta+epsilon,beta+epsilon,True,19.75,0.063
beta+epsilon,beta+epsilon,True,20.0,0.0548
beta+epsilon,beta+epsilon,True,20.25,0.0484
beta+epsilon,beta+epsilon,True,20.5,0.0384
beta+epsilon,beta+epsilon,True,20.75,0.032
beta+epsilon,beta+epsilon,True,21.0,0.0282
beta+epsilon,beta+epsilon,True,21.25,0.0236
beta+epsilon,beta+epsilon,True,21.5,0.0204
beta+epsilon,beta+epsilon,True,21.75,0.0168
beta+epsilon,beta+epsilon,True,22.0,0.0128
beta+epsilon,beta+epsilon,True,22.25,0.0104
beta+epsilon,beta+epsilon,True,22.5,0.009
beta+epsilon,beta+epsilon,True,22.75,0.0072
beta+epsilon,beta+epsilon,True,23.0,0.0052
beta+epsilon,beta+epsilon,True,23.25,0.0044
beta+epsilon,beta+epsilon,True,23.5,0.0036
beta+epsilon,beta+epsilon,True,23.75,0.0032
beta+epsilon,beta+epsilon,True,24.0,0.0024
beta+epsilon,beta+epsilon,True,24.25,0.0018
beta+epsilon,beta+epsilon,True,24.5,0.0014
beta+epsilon,beta+epsilon,True,24.75,0.0012
beta+epsilon,beta+epsilon,True,25.0,0.0008
beta+epsilon,beta+epsilon,True,25.25,0.0006
beta+epsilon,beta+epsilon,True,25.5,0.0004
beta+epsilon,beta+epsilon,True,25.75,0.0004
beta+epsilon,beta+epsilon,True,26.0,0.0
beta+epsilon,beta+epsilon,True,26.25,0.0
beta+epsilon,beta+epsilon,True,26.5,0.0
beta+epsilon,beta+epsilon,True,26.75,0.0
beta+epsilon,beta+epsilon,True,27.0,0.0
beta+epsilon,beta+epsilon,True,27.25,0.0
beta+epsilon,beta+epsilon,True,27.5,0.0
beta+epsilon,beta+epsilon,True,27.75,0.0
beta+epsilon,beta+epsilon,True,28.0,0.0
beta+epsilon,beta+epsilon,True,28.25,0.0
beta+epsilon,beta+epsilon,True,28.5,0.0
beta+epsilon,beta+epsilon,True,28.75,0.0
beta+epsilon,beta+epsilon,True,29.0,0.0
beta+epsilon,beta+epsilon,True,29.25,0.0
beta+epsilon,beta+epsilon,True,29.5,0.0
beta+epsilon,beta+epsilon,True,29.75,0.0
beta+epsilon,beta+epsilon,True,30.0,0.0
beta+epsilon,beta+epsilon,True,30.25,0.0
beta+epsilon,beta+epsilon,True,30.5,0.0
beta+epsilon,beta+epsilon,True,30.75,0.0
beta+epsilon,beta+epsilon,True,31.0,0.0
beta+epsilon,beta+epsilon,True,31.25,0.0
beta+epsilon,beta+epsilon,True,31.5,0.0
beta+epsilon,beta+epsilon,True,31.75,0.0
beta+epsilon,beta+epsilon,True,32.0,0.0
beta+epsilon,beta+epsilon,True,32.25,0.0
beta+epsilon,beta+epsilon,True,32.5,0.0
beta+epsilon,beta+epsilon,True,32.75,0.0
beta+epsilon,beta+epsilon,True,33.0,0.0
beta+epsilon,beta+epsilon,True,33.25,0.0
beta+epsilon,beta+epsilon,True,33.5,0.0
beta+epsilon,beta+epsilon,True,33.75,0.0
beta+epsilon,beta+epsilon,True,34.0,0.0
beta+epsilon,beta+epsilon,True,34.25,0.0
beta+epsilon,beta+epsilon,True,34.5,0.0
beta+epsilon,beta+epsilon,True,34.75,0.0
beta+epsilon,beta+epsilon,True,35.0,0.0
eta+beta,eta+beta,True,0.0,1.0
eta+beta,eta+beta,True,0.25,0.9998
eta+beta,eta+beta,True,0.5,0.9992
eta+beta,eta+beta,True,0.75,0.9986
eta+beta,eta+beta,True,1.0,0.9982
eta+beta,eta+beta,True,1.25,0.9976
eta+beta,eta+beta,True,1.5,0.9954
eta+beta,eta+beta,True,1.75,0.9942
eta+beta,eta+beta,True,2.0,0.9922
eta+beta,eta+beta,True,2.25,0.9912
eta+beta,eta+beta,True,2.5,0.9894
eta+beta,eta+beta,True,2.75,0.9866
eta+beta,eta+beta,True,3.0,0.9852
eta+beta,eta+beta,True,3.25,0.9826
eta+beta,eta+beta,True,3.5,0.981
eta+beta,eta+beta,True,3.75,0.977
eta+beta,eta+beta,True,4.0,0.9734
eta+beta,eta+beta,True,4.25,0.9694
eta+beta,eta+beta,True,4.5,0.9648
eta+beta,eta+beta,True,4.75,0.9596
eta+beta,eta+beta,True,5.0,0.9568
eta+beta,eta+beta,True,5.25,0.9542
eta+beta,eta+beta,True,5.5,0.9484
eta+beta,eta+beta,True,5.75,0.9456
eta+beta,eta+beta,True,6.0,0.9424
eta+beta,eta+beta,True,6.25,0.936
eta+beta,eta+beta,True,6.5,0.932
eta+beta,eta+beta,True,6.75,0.9244
eta+beta,eta+beta,True,7.0,0.92
eta+beta,eta+beta,True,7.25,0.9136
eta+beta,eta+beta,True,7.5,0.908
eta+beta,eta+beta,True,7.75,0.9026
eta+beta,eta+beta,True,8.0,0.8958
eta+beta,eta+beta,True,8.25,0.8882
eta+beta,eta+beta,True,8.5,0.8808
eta+beta,eta+beta,True,8.75,0.8736
eta+beta,eta+beta,True,9.0,0.8636
eta+beta,eta+beta,True,9.25,0.8548
eta+beta,eta+beta,True,9.5,0.845
eta+beta,eta+beta,True,9.75,0.8358
eta+beta,eta+beta,True,10.0,0.8232
eta+beta,eta+beta,True,10.25,0.8136
eta+beta,eta+beta,True,10.5,0.8
eta+beta,eta+beta,True,10.75,0.7874
eta+beta,eta+beta,True,11.0,0.7734
eta+beta,eta+beta,True,11.25,0.7618
eta+beta,eta+beta,True,11.5,0.749
eta+beta,eta+beta,True,11.75,0.7356
eta+beta,eta+beta,True,12.0,0.7204
eta+beta,eta+beta,True,12.25,0.704
eta+beta,eta+beta,True,12.5,0.6872
eta+beta,eta+beta,True,12.75,0.6726
eta+beta,eta+beta,True,13.0,0.6548
eta+beta,eta+beta,True,13.25,0.6372
eta+beta,eta+beta,True,13.5,0.6176
eta+beta,eta+beta,True,13.75,0.599
eta+beta,eta+beta,True,14.0,0.5784
eta+beta,eta+beta,True,14.25,0.5576
eta+beta,eta+beta,True,14.5,0.5376
eta+beta,eta+beta,True,14.75,0.5174
eta+beta,eta+beta,True,15.0,0.498
eta+beta,eta+beta,True,15.25,0.475
eta+beta,eta+beta,True,15.5,0.4544
eta+beta,eta+beta,True,15.75,0.4302
eta+beta,eta+beta,True,16.0,0.4094
eta+beta,eta+beta,True,16.25,0.3868
eta+beta,eta+beta,True,16.5,0.362
eta+beta,eta+beta,True,16.75,0.3422
eta+beta,eta+beta,True,17.0,0.3222
eta+beta,eta+beta,True,17.25,0.3008
eta+beta,eta+beta,True,17.5,0.2824
eta+beta,eta+beta,True,17.75,0.2644
eta+beta,eta+beta,True,18.0,0.2438
eta+beta,eta+beta,True,18.25,0.2256
eta+beta,eta+beta,True,18.5,0.2086
eta+beta,eta+beta,True,18.75,0.1934
eta+beta,eta+beta,True,19.0,0.1776
eta+beta,eta+beta,True,19.25,0.1586
eta+beta,eta+beta,True,19.5,0.1412
eta+beta,eta+beta,True,19.75,0.127
eta+beta,eta+beta,True,20.0,0.1138
eta+beta,eta+beta,True,20.25,0.1018
eta+beta,eta+beta,True,20.5,0.0916
eta+beta,eta+beta,True,20.75,0.0832
eta+beta,eta+beta,True,21.0,0.0722
eta+beta,eta+beta,True,21.25,0.0618
eta+beta,eta+beta,True,21.5,0.0552
eta+beta,eta+beta,True,21.75,0.048
eta+beta,eta+beta,True,22.0,0.0424
eta+beta,eta+beta,True,22.25,0.0368
eta+beta,eta+beta,True,22.5,0.031
eta+beta,eta+beta,True,22.75,0.027
eta+beta,eta+beta,True,23.0,0.0226
eta+beta,eta+beta,True,23.25,0.0184
eta+beta,eta+beta,True,23.5,0.0162
eta+beta,eta+beta,True,23.75,0.013
eta+beta,eta+beta,True,24.0,0.011
eta+beta,eta+beta,True,24.25,0.009
eta+beta,eta+beta,True,24.5,0.0086
eta+beta,eta+beta,True,24.75,0.007
eta+beta,eta+beta,True,25.0,0.0058
eta+beta,eta+beta,True,25.25,0.0048
eta+beta,eta+beta,True,25.5,0.0034
eta+beta,eta+beta,True,25.75,0.0028
eta+beta,eta+beta,True,26.0,0.002
eta+beta,eta+beta,True,26.25,0.002
eta+beta,eta+beta,True,26.5,0.0018
eta+beta,eta+beta,True,26.75,0.0016
eta+beta,eta+beta,True,27.0,0.0012
eta+beta,eta+beta,True,27.25,0.001
eta+beta,eta+beta,True,27.5,0.001
eta+beta,eta+beta,True,27.75,0.001
eta+beta,eta+beta,True,28.0,0.0008
eta+beta,eta+beta,True,28.25,0.0008
eta+beta,eta+beta,True,28.5,0.0008
eta+beta,eta+beta,True,28.75,0.0006
eta+beta,eta+beta,True,29.0,0.0004
eta+beta,eta+beta,True,29.25,0.0002
eta+beta,eta+beta,True,29.5,0.0
eta+beta,eta+beta,True,29.75,0.0
eta+beta,eta+beta,True,30.0,0.0
eta+beta,eta+beta,True,30.25,0.0
eta+beta,eta+beta,True,30.5,0.0
eta+beta,eta+beta,True,30.75,0.0
eta+beta,eta+beta,True,31.0,0.0
eta+beta,eta+beta,True,31.25,0.0
eta+beta,eta+beta,True,31.5,0.0
eta+beta,eta+beta,True,31.75,0.0
eta+beta,eta+beta,True,32.0,0.0
eta+beta,eta+beta,True,32.25,0.0
eta+beta,eta+beta,True,32.5,0.0
eta+beta,eta+beta,True,32.75,0.0
eta+beta,eta+beta,True,33.0,0.0
eta+beta,eta+beta,True,33.25,0.0
eta+beta,eta+beta,True,33.5,0.0
eta+beta,eta+beta,True,33.75,0.0
eta+beta,eta+beta,True,34.0,0.0
eta+beta,eta+beta,True,34.25,0.0
eta+beta,eta+beta,True,34.5,0.0
eta+beta,eta+beta,True,34.75,0.0
eta+beta,eta+beta,True,35.0,0.0
